gpu,backend,M,N,K,shape,flops,dtype,trials,warmup,iters,p50_ms,p90_ms,std_ms,tflops_p50,speedup_vs_torch_p50
NVIDIA A100-SXM4-80GB,torch,128,4096,4096,128x4096x4096,4294967296.0,float16,10,30,2000,0.03194419288635254,0.03458431930541992,0.0020909610773872504,134.45220892824406,
NVIDIA A100-SXM4-80GB,triton,128,4096,4096,128x4096x4096,4294967296.0,float16,10,30,2000,0.062493951797485355,0.06384250755310059,0.0012942788219828482,68.72612744858971,0.511156551435077
NVIDIA A100-SXM4-80GB,torch,128,4096,4096,128x4096x4096,4294967296.0,bfloat16,10,30,2000,0.03726515197753906,0.03732976608276367,3.9722876719033394e-05,115.25425412430143,
NVIDIA A100-SXM4-80GB,triton,128,4096,4096,128x4096x4096,4294967296.0,bfloat16,10,30,2000,0.06184985542297363,0.06204620742797851,0.00018787148194357808,69.44183242835308,0.6025099286440243
NVIDIA A100-SXM4-80GB,torch,128,5120,5120,128x5120x5120,6710886400.0,float16,10,30,2000,0.04982220840454102,0.04999859199523926,0.00027337761732613243,134.69668677690208,
NVIDIA A100-SXM4-80GB,triton,128,5120,5120,128x5120x5120,6710886400.0,float16,10,30,2000,0.06878003311157227,0.0690435073852539,0.0001555215217420378,97.5702699810258,0.7243702300015091
NVIDIA A100-SXM4-80GB,torch,128,5120,5120,128x5120x5120,6710886400.0,bfloat16,10,30,2000,0.048824831008911135,0.048832819747924805,4.507606220019553e-05,137.44822585817408,
NVIDIA A100-SXM4-80GB,triton,128,5120,5120,128x5120x5120,6710886400.0,bfloat16,10,30,2000,0.06744960021972657,0.06745707550048828,1.3608996257409813e-05,99.49482840726029,0.7238713179893932
NVIDIA A100-SXM4-80GB,torch,256,4096,4096,256x4096x4096,8589934592.0,float16,10,30,2000,0.053703424453735354,0.05379691619873047,0.00014430234351573638,159.95133791514715,
NVIDIA A100-SXM4-80GB,triton,256,4096,4096,256x4096x4096,8589934592.0,float16,10,30,2000,0.07473484802246094,0.07498490676879883,0.0001357059422960818,114.93881126804949,0.7185861197924057
NVIDIA A100-SXM4-80GB,torch,256,4096,4096,256x4096x4096,8589934592.0,bfloat16,10,30,2000,0.05546777534484863,0.05648941955566406,0.0031654697747577304,154.8635137896829,
NVIDIA A100-SXM4-80GB,triton,256,4096,4096,256x4096x4096,8589934592.0,bfloat16,10,30,2000,0.07336934280395507,0.0733955596923828,4.848039874697291e-05,117.07798194339215,0.7560075261006504
NVIDIA A100-SXM4-80GB,torch,128,4096,11008,128x4096x11008,11542724608.0,float16,10,30,1000,0.0850206756591797,0.08670228576660155,0.004891300851153802,135.76373650888212,
NVIDIA A100-SXM4-80GB,triton,128,4096,11008,128x4096x11008,11542724608.0,float16,10,30,1000,0.14488780975341797,0.14765096740722655,0.0037906439429557697,79.66663743239933,0.586803512344309
NVIDIA A100-SXM4-80GB,torch,128,4096,11008,128x4096x11008,11542724608.0,bfloat16,10,30,1000,0.07513805007934571,0.07684393157958984,0.000765701919537619,153.6202309723355,
NVIDIA A100-SXM4-80GB,triton,128,4096,11008,128x4096x11008,11542724608.0,bfloat16,10,30,1000,0.1437998046875,0.14692853851318358,0.009216213822097323,80.26940393336548,0.522518443210912
NVIDIA A100-SXM4-80GB,torch,128,11008,4096,128x11008x4096,11542724608.0,float16,10,30,1000,0.10800077056884766,0.11647620849609375,0.005681648357662611,106.87631715221713,
NVIDIA A100-SXM4-80GB,triton,128,11008,4096,128x11008x4096,11542724608.0,float16,10,30,1000,0.07836774444580077,0.07990005569458007,0.0042043752650919265,147.28922836337293,1.3781278424255419
NVIDIA A100-SXM4-80GB,torch,128,11008,4096,128x11008x4096,11542724608.0,bfloat16,10,30,1000,0.0695464973449707,0.0719795166015625,0.0013365738945593313,165.97132923524174,
NVIDIA A100-SXM4-80GB,triton,128,11008,4096,128x11008x4096,11542724608.0,bfloat16,10,30,1000,0.07849113845825195,0.08001925201416014,0.003954627325389216,147.05767854468527,0.8860426630448386
NVIDIA A100-SXM4-80GB,torch,256,5120,5120,256x5120x5120,13421772800.0,float16,10,30,1000,0.07187865447998047,0.07930490798950196,0.004187211476048762,186.72821433709797,
NVIDIA A100-SXM4-80GB,triton,256,5120,5120,256x5120x5120,13421772800.0,float16,10,30,1000,0.09521920013427734,0.09722367858886719,0.004928111668323818,140.956579986733,0.7548756383021258
NVIDIA A100-SXM4-80GB,torch,256,5120,5120,256x5120x5120,13421772800.0,bfloat16,10,30,1000,0.07047065734863281,0.08098498611450194,0.004953735269656943,190.45902656476912,
NVIDIA A100-SXM4-80GB,triton,256,5120,5120,256x5120x5120,13421772800.0,bfloat16,10,30,1000,0.093285888671875,0.09581230163574218,0.005469508691300874,143.87784681142847,0.7554267676701588
NVIDIA A100-SXM4-80GB,torch,128,8192,8192,128x8192x8192,17179869184.0,float16,10,30,1000,0.10694348907470702,0.10740520629882812,0.001261380529273355,160.64436771834457,
NVIDIA A100-SXM4-80GB,triton,128,8192,8192,128x8192x8192,17179869184.0,float16,10,30,1000,0.1437470703125,0.14409554290771484,0.0005471670158748283,119.51456921279646,0.7439698690360537
NVIDIA A100-SXM4-80GB,torch,128,8192,8192,128x8192x8192,17179869184.0,bfloat16,10,30,1000,0.10667980575561523,0.10725662384033202,0.0014941831963009508,161.04143668349076,
NVIDIA A100-SXM4-80GB,triton,128,8192,8192,128x8192x8192,17179869184.0,bfloat16,10,30,1000,0.1418987503051758,0.14219397277832033,0.00038003697220180007,121.07132125583885,0.7518022923118306
NVIDIA A100-SXM4-80GB,torch,512,4096,4096,512x4096x4096,17179869184.0,float16,10,30,1000,0.09063986968994141,0.09487810897827148,0.0031488899916122886,189.53987072982855,
NVIDIA A100-SXM4-80GB,triton,512,4096,4096,512x4096x4096,17179869184.0,float16,10,30,1000,0.12474367904663086,0.12982057495117186,0.004584447688981696,137.72136043524847,0.7266089182447394
NVIDIA A100-SXM4-80GB,torch,512,4096,4096,512x4096x4096,17179869184.0,bfloat16,10,30,1000,0.09503897476196288,0.09725706405639649,0.004108815512775879,180.76656684301523,
NVIDIA A100-SXM4-80GB,triton,512,4096,4096,512x4096x4096,17179869184.0,bfloat16,10,30,1000,0.12204287719726563,0.12238888854980468,0.0005923201752290271,140.76912621644516,0.7787343017843259
NVIDIA A100-SXM4-80GB,torch,128,16384,4096,128x16384x4096,17179869184.0,float16,10,30,1000,0.11503359985351563,0.11678023681640624,0.001050374362010673,149.34653184701628,
NVIDIA A100-SXM4-80GB,triton,128,16384,4096,128x16384x4096,17179869184.0,float16,10,30,1000,0.13960346221923828,0.14364784240722656,0.005047089678873646,123.06191344323624,0.8240024855032804
NVIDIA A100-SXM4-80GB,torch,128,16384,4096,128x16384x4096,17179869184.0,bfloat16,10,30,1000,0.11042406463623047,0.11177973480224608,0.0036072774925341123,155.5808440904215,
NVIDIA A100-SXM4-80GB,triton,128,16384,4096,128x16384x4096,17179869184.0,bfloat16,10,30,1000,0.13496832275390624,0.13544344940185546,0.00043552352070977667,127.28815794299246,0.8181480097190775
NVIDIA A100-SXM4-80GB,torch,128,4096,16384,128x4096x16384,17179869184.0,float16,10,30,1000,0.11975577545166016,0.12179978561401367,0.005349716104102581,143.4575419782966,
NVIDIA A100-SXM4-80GB,triton,128,4096,16384,128x4096x16384,17179869184.0,float16,10,30,1000,0.2070205383300781,0.20751810150146482,0.00046867852308725324,82.98630330391681,0.578472920695042
NVIDIA A100-SXM4-80GB,torch,128,4096,16384,128x4096x16384,17179869184.0,bfloat16,10,30,1000,0.10310553359985351,0.10318868179321289,0.0003672643733281646,166.62412369324483,
NVIDIA A100-SXM4-80GB,triton,128,4096,16384,128x4096x16384,17179869184.0,bfloat16,10,30,1000,0.20623461914062502,0.2067732452392578,0.0005236770535722381,83.3025476304033,0.49994290012749526
NVIDIA A100-SXM4-80GB,torch,128,13824,5120,128x13824x5120,18119393280.0,float16,10,30,1000,0.10698905563354492,0.10709319839477538,0.00029602244130275606,169.35744663512028,
NVIDIA A100-SXM4-80GB,triton,128,13824,5120,128x13824x5120,18119393280.0,float16,10,30,1000,0.10509158325195311,0.10628495025634765,0.0022988705191918576,172.41526599289534,1.0180554172168355
NVIDIA A100-SXM4-80GB,torch,128,13824,5120,128x13824x5120,18119393280.0,bfloat16,10,30,1000,0.10937036895751953,0.1100960792541504,0.00040422833953933314,165.6700389027465,
NVIDIA A100-SXM4-80GB,triton,128,13824,5120,128x13824x5120,18119393280.0,bfloat16,10,30,1000,0.10659942245483398,0.10878074569702148,0.0027360140900496797,169.9764676274598,1.0259940104634206
NVIDIA A100-SXM4-80GB,torch,128,5120,13824,128x5120x13824,18119393280.0,float16,10,30,1000,0.12344985580444336,0.12389406661987304,0.0010342104169572648,146.77532964236826,
NVIDIA A100-SXM4-80GB,triton,128,5120,13824,128x5120x13824,18119393280.0,float16,10,30,1000,0.1760573425292969,0.17957007598876953,0.009202220321363468,102.91756662738923,0.7011911802763957
NVIDIA A100-SXM4-80GB,torch,128,5120,13824,128x5120x13824,18119393280.0,bfloat16,10,30,1000,0.10901811218261719,0.10967439422607421,0.0015723318886748435,166.20534805856892,
NVIDIA A100-SXM4-80GB,triton,128,5120,13824,128x5120x13824,18119393280.0,bfloat16,10,30,1000,0.17479782867431642,0.17944534759521483,0.010302533073507805,103.65914392312092,0.6236811578806273
NVIDIA A100-SXM4-80GB,torch,256,11008,4096,256x11008x4096,23085449216.0,float16,10,30,1000,0.11798630523681641,0.11841556549072266,0.0008695835623223094,195.66210815453542,
NVIDIA A100-SXM4-80GB,triton,256,11008,4096,256x11008x4096,23085449216.0,float16,10,30,1000,0.1500252151489258,0.15038269958496092,0.0006752707991627483,153.8771278753623,0.786443166368365
NVIDIA A100-SXM4-80GB,torch,256,11008,4096,256x11008x4096,23085449216.0,bfloat16,10,30,1000,0.1114813461303711,0.11497400360107421,0.0047988514427208875,207.07903176019136,
NVIDIA A100-SXM4-80GB,triton,256,11008,4096,256x11008x4096,23085449216.0,bfloat16,10,30,1000,0.1447173080444336,0.14621808776855466,0.003192836747046168,159.5209966793461,0.7703387220009797
NVIDIA A100-SXM4-80GB,torch,256,4096,11008,256x4096x11008,23085449216.0,float16,10,30,1000,0.11908761596679687,0.1207834602355957,0.005558133324042554,193.85264394272963,
NVIDIA A100-SXM4-80GB,triton,256,4096,11008,256x4096x11008,23085449216.0,float16,10,30,1000,0.19245875549316405,0.19446005096435545,0.004214953751899222,119.95011168416275,0.6187695418773855
NVIDIA A100-SXM4-80GB,torch,256,4096,11008,256x4096x11008,23085449216.0,bfloat16,10,30,1000,0.11637964630126954,0.1185868782043457,0.0060174473048109625,198.36328730746598,
NVIDIA A100-SXM4-80GB,triton,256,4096,11008,256x4096x11008,23085449216.0,bfloat16,10,30,1000,0.19085619354248046,0.19233341064453124,0.003316351228848186,120.95729663004978,0.6097766288908301
NVIDIA A100-SXM4-80GB,torch,128,5120,20480,128x5120x20480,26843545600.0,float16,10,30,1000,0.1641707534790039,0.16474664764404298,0.0016746315344541966,163.50991288733454,
NVIDIA A100-SXM4-80GB,triton,128,5120,20480,128x5120x20480,26843545600.0,float16,10,30,1000,0.26151065063476564,0.26380861206054684,0.004998767629447022,102.64800127582788,0.6277784598084694
NVIDIA A100-SXM4-80GB,torch,128,5120,20480,128x5120x20480,26843545600.0,bfloat16,10,30,1000,0.1614039077758789,0.16317348480224608,0.005017914092600497,166.31286051186706,
NVIDIA A100-SXM4-80GB,triton,128,5120,20480,128x5120x20480,26843545600.0,bfloat16,10,30,1000,0.25708851623535156,0.25763727111816404,0.0007527630215448966,104.41363151135887,0.6278145369516301
NVIDIA A100-SXM4-80GB,torch,512,5120,5120,512x5120x5120,26843545600.0,float16,10,30,1000,0.19829811096191408,0.2030009338378906,0.009017666484633246,135.36964860525413,
NVIDIA A100-SXM4-80GB,triton,512,5120,5120,512x5120x5120,26843545600.0,float16,10,30,1000,0.1682877426147461,0.1683546142578125,0.0002022872000374093,159.50980851559567,1.178327713479819
NVIDIA A100-SXM4-80GB,torch,512,5120,5120,512x5120x5120,26843545600.0,bfloat16,10,30,1000,0.1355647964477539,0.1370004440307617,0.0033206207193749214,198.0126574404985,
NVIDIA A100-SXM4-80GB,triton,512,5120,5120,512x5120x5120,26843545600.0,bfloat16,10,30,1000,0.16565042877197267,0.16625305328369142,0.0005488494993986147,162.04935778917712,0.8183787838808835
NVIDIA A100-SXM4-80GB,torch,128,20480,5120,128x20480x5120,26843545600.0,float16,10,30,1000,0.153199104309082,0.15442451934814452,0.0016145816807528553,175.21999048925673,
NVIDIA A100-SXM4-80GB,triton,128,20480,5120,128x20480x5120,26843545600.0,float16,10,30,1000,0.1982622756958008,0.20149841918945313,0.0020736735550595693,135.39411623211058,0.7727093002006068
NVIDIA A100-SXM4-80GB,torch,128,20480,5120,128x20480x5120,26843545600.0,bfloat16,10,30,1000,0.15138201904296877,0.15226480407714843,0.0023267472634165994,177.32321031060263,
NVIDIA A100-SXM4-80GB,triton,128,20480,5120,128x20480x5120,26843545600.0,bfloat16,10,30,1000,0.1930403823852539,0.19485163421630858,0.0019283199506994928,139.05663296101378,0.7841987110285202
NVIDIA A100-SXM4-80GB,torch,256,16384,4096,256x16384x4096,34359738368.0,float16,10,30,1000,0.17764608001708984,0.18009190216064455,0.0031727728209028504,193.41681147534769,
NVIDIA A100-SXM4-80GB,triton,256,16384,4096,256x16384x4096,34359738368.0,float16,10,30,1000,0.22899250793457032,0.23104613952636718,0.0016786808374632037,150.0474346427856,0.7757724548256766
NVIDIA A100-SXM4-80GB,torch,256,16384,4096,256x16384x4096,34359738368.0,bfloat16,10,30,1000,0.21158758544921874,0.21496575927734374,0.00917138105887154,162.39014351929632,
NVIDIA A100-SXM4-80GB,triton,256,16384,4096,256x16384x4096,34359738368.0,bfloat16,10,30,1000,0.22047590637207032,0.22099271545410157,0.0007274826807751843,155.84350659166927,0.9596857494811617
NVIDIA A100-SXM4-80GB,torch,1024,4096,4096,1024x4096x4096,34359738368.0,float16,10,30,1000,0.20282777404785157,0.20579685974121092,0.003003115692920579,169.40351748816104,
NVIDIA A100-SXM4-80GB,triton,1024,4096,4096,1024x4096x4096,34359738368.0,float16,10,30,1000,0.21706905364990234,0.21748081054687501,0.0006145298775736596,158.28943734843367,0.9343928608772595
NVIDIA A100-SXM4-80GB,torch,1024,4096,4096,1024x4096x4096,34359738368.0,bfloat16,10,30,1000,0.20763187408447265,0.20979200439453125,0.006040751620781294,165.48392928352195,
NVIDIA A100-SXM4-80GB,triton,1024,4096,4096,1024x4096x4096,34359738368.0,bfloat16,10,30,1000,0.21097113800048828,0.21122867279052734,0.00044813976484349725,162.86463965474024,0.9841719395948468
NVIDIA A100-SXM4-80GB,torch,256,4096,16384,256x4096x16384,34359738368.0,float16,10,30,1000,0.1681223678588867,0.16938792724609375,0.0033194692363119026,204.3733906771989,
NVIDIA A100-SXM4-80GB,triton,256,4096,16384,256x4096x16384,34359738368.0,float16,10,30,1000,0.2810900573730469,0.28160623474121094,0.00032453849199698095,122.23747324651791,0.5981085543547496
NVIDIA A100-SXM4-80GB,torch,256,4096,16384,256x4096x16384,34359738368.0,bfloat16,10,30,1000,0.1639587860107422,0.16548126831054688,0.0031686230262385757,209.5632640616699,
NVIDIA A100-SXM4-80GB,triton,256,4096,16384,256x4096x16384,34359738368.0,bfloat16,10,30,1000,0.2798249053955078,0.280144482421875,0.0005739558777321022,122.79013663717868,0.5859334993037912
NVIDIA A100-SXM4-80GB,torch,256,8192,8192,256x8192x8192,34359738368.0,float16,10,30,1000,0.17301299285888672,0.17595411987304688,0.004660397399000646,198.59628921640916,
NVIDIA A100-SXM4-80GB,triton,256,8192,8192,256x8192x8192,34359738368.0,float16,10,30,1000,0.2544972763061524,0.2551338012695313,0.0008920374913691548,135.01024005721104,0.6798225716598925
NVIDIA A100-SXM4-80GB,torch,256,8192,8192,256x8192x8192,34359738368.0,bfloat16,10,30,1000,0.17071666717529296,0.17243258361816405,0.0026343201735429087,201.2676262752904,
NVIDIA A100-SXM4-80GB,triton,256,8192,8192,256x8192x8192,34359738368.0,bfloat16,10,30,1000,0.24938648986816406,0.25048238372802734,0.0007587661533505881,137.77706397072262,0.6845465737359743
NVIDIA A100-SXM4-80GB,torch,256,5120,13824,256x5120x13824,36238786560.0,float16,10,30,1000,0.18150810241699217,0.18636830444335936,0.005869438546620964,199.6538230384114,
NVIDIA A100-SXM4-80GB,triton,256,5120,13824,256x5120x13824,36238786560.0,float16,10,30,1000,0.24444620513916016,0.2453097457885742,0.0015520435421025156,148.24851357119542,0.7425277979409084
NVIDIA A100-SXM4-80GB,torch,256,5120,13824,256x5120x13824,36238786560.0,bfloat16,10,30,1000,0.1957898178100586,0.19906109466552735,0.00901479845485509,185.09025119557697,
NVIDIA A100-SXM4-80GB,triton,256,5120,13824,256x5120x13824,36238786560.0,bfloat16,10,30,1000,0.23853363037109376,0.23894835357666017,0.0009110318616168074,151.9231753762447,0.8208059278914367
NVIDIA A100-SXM4-80GB,torch,256,13824,5120,256x13824x5120,36238786560.0,float16,10,30,1000,0.1556505584716797,0.15733411102294922,0.002590605370180913,232.8214361440507,
NVIDIA A100-SXM4-80GB,triton,256,13824,5120,256x13824x5120,36238786560.0,float16,10,30,1000,0.195720703125,0.19664691772460938,0.0007955335148811048,185.15561195820734,0.795268747692323
NVIDIA A100-SXM4-80GB,torch,256,13824,5120,256x13824x5120,36238786560.0,bfloat16,10,30,1000,0.15201229095458985,0.15306219787597658,0.00187489437502873,238.39379258368982,
NVIDIA A100-SXM4-80GB,triton,256,13824,5120,256x13824x5120,36238786560.0,bfloat16,10,30,1000,0.1945902099609375,0.19574312591552734,0.0007183116001942148,186.23129379054916,0.7811918748898269
NVIDIA A100-SXM4-80GB,torch,512,4096,11008,512x4096x11008,46170898432.0,float16,10,30,1000,0.21482189178466798,0.2194567153930664,0.00432894417954559,214.92641205431957,
NVIDIA A100-SXM4-80GB,triton,512,4096,11008,512x4096x11008,46170898432.0,float16,10,30,1000,0.34861978149414063,0.3494128692626953,0.0008735297825591594,132.43912389055296,0.6162068338863856
NVIDIA A100-SXM4-80GB,torch,512,4096,11008,512x4096x11008,46170898432.0,bfloat16,10,30,1000,0.21813607025146486,0.22106051025390624,0.005589255008298457,211.66099847115927,
NVIDIA A100-SXM4-80GB,triton,512,4096,11008,512x4096x11008,46170898432.0,bfloat16,10,30,1000,0.32622488403320316,0.3272657989501953,0.000825214847105254,141.53089078054734,0.6686677838753189
NVIDIA A100-SXM4-80GB,torch,512,11008,4096,512x11008x4096,46170898432.0,float16,10,30,1000,0.23049062347412108,0.23428321685791015,0.005298613323957631,200.31573404626567,
NVIDIA A100-SXM4-80GB,triton,512,11008,4096,512x11008x4096,46170898432.0,float16,10,30,1000,0.28583526611328125,0.2867417205810547,0.0008628583411125673,161.5297477453384,0.8063757373548645
NVIDIA A100-SXM4-80GB,torch,512,11008,4096,512x11008x4096,46170898432.0,bfloat16,10,30,1000,0.218102783203125,0.22319011993408203,0.010134745206933004,211.69330236835995,
NVIDIA A100-SXM4-80GB,triton,512,11008,4096,512x11008x4096,46170898432.0,bfloat16,10,30,1000,0.2801059875488281,0.2811993072509766,0.0011814473791980718,164.8336718398477,0.7786437737790426
NVIDIA A100-SXM4-80GB,torch,256,5120,20480,256x5120x20480,53687091200.0,float16,10,30,400,0.248787202835083,0.25259239006042483,0.0064803437898650965,215.79522816367813,
NVIDIA A100-SXM4-80GB,triton,256,5120,20480,256x5120x20480,53687091200.0,float16,10,30,400,0.36506879806518555,0.3666017379760742,0.0014998356720310223,147.06020203461432,0.6814803241296461
NVIDIA A100-SXM4-80GB,torch,256,5120,20480,256x5120x20480,53687091200.0,bfloat16,10,30,400,0.24337535858154297,0.24706227874755857,0.008447698094791654,220.59378366364945,
NVIDIA A100-SXM4-80GB,triton,256,5120,20480,256x5120x20480,53687091200.0,bfloat16,10,30,400,0.35710975646972654,0.357749755859375,0.0006295245406127649,150.33778894963137,0.6815141680459094
NVIDIA A100-SXM4-80GB,torch,1024,5120,5120,1024x5120x5120,53687091200.0,float16,10,30,400,0.23787775993347168,0.2392527389526367,0.0031058503355555836,225.69193191921306,
NVIDIA A100-SXM4-80GB,triton,1024,5120,5120,1024x5120x5120,53687091200.0,float16,10,30,400,0.28960384368896486,0.2928092174530029,0.006319235167394532,185.38114175604676,0.8213902029178621
NVIDIA A100-SXM4-80GB,torch,1024,5120,5120,1024x5120x5120,53687091200.0,bfloat16,10,30,400,0.26726272583007815,0.27711949539184566,0.012721926534993041,200.87758602796518,
NVIDIA A100-SXM4-80GB,triton,1024,5120,5120,1024x5120x5120,53687091200.0,bfloat16,10,30,400,0.273372163772583,0.27931392288208007,0.011474994833545337,196.38828788969911,0.977651572646631
NVIDIA A100-SXM4-80GB,torch,256,20480,5120,256x20480x5120,53687091200.0,float16,10,30,400,0.24890623092651368,0.25141247749328616,0.002979472695786719,215.6920339043277,
NVIDIA A100-SXM4-80GB,triton,256,20480,5120,256x20480x5120,53687091200.0,float16,10,30,400,0.2996710395812988,0.300148229598999,0.0009200916860525719,179.1534186119945,0.8305982162116371
NVIDIA A100-SXM4-80GB,torch,256,20480,5120,256x20480x5120,53687091200.0,bfloat16,10,30,400,0.2775718402862549,0.28422426414489743,0.00973233034259609,193.41692278522726,
NVIDIA A100-SXM4-80GB,triton,256,20480,5120,256x20480x5120,53687091200.0,bfloat16,10,30,400,0.28556672096252445,0.2898854331970215,0.008142775479941482,188.00191779715635,0.9720034580733982
NVIDIA A100-SXM4-80GB,torch,128,8192,28672,128x8192x28672,60129542144.0,float16,10,30,400,0.3126182460784912,0.31376000404357907,0.0013162818139732923,192.34175515431326,
NVIDIA A100-SXM4-80GB,triton,128,8192,28672,128x8192x28672,60129542144.0,float16,10,30,400,0.49307392120361326,0.49642084884643556,0.0018317665293026775,121.9483317982451,0.6340190235885473
NVIDIA A100-SXM4-80GB,torch,128,8192,28672,128x8192x28672,60129542144.0,bfloat16,10,30,400,0.31110655784606933,0.3118080043792725,0.0011408354352831934,193.27635701511366,
NVIDIA A100-SXM4-80GB,triton,128,8192,28672,128x8192x28672,60129542144.0,bfloat16,10,30,400,0.4873164939880371,0.48792985534667965,0.00045369958028493074,123.38909699509594,0.6384076091906434
NVIDIA A100-SXM4-80GB,torch,128,28672,8192,128x28672x8192,60129542144.0,float16,10,30,400,0.40316545486450195,0.4049295272827148,0.0032866615968912822,149.14358712655246,
NVIDIA A100-SXM4-80GB,triton,128,28672,8192,128x28672x8192,60129542144.0,float16,10,30,400,0.4501247978210449,0.4574945411682129,0.0050952931956696965,133.5841580714368,0.8956748368810987
NVIDIA A100-SXM4-80GB,torch,128,28672,8192,128x28672x8192,60129542144.0,bfloat16,10,30,400,0.4752947235107422,0.47977319717407224,0.008294607481610422,126.51001403898606,
NVIDIA A100-SXM4-80GB,triton,128,28672,8192,128x28672x8192,60129542144.0,bfloat16,10,30,400,0.43312255859375,0.43424664688110354,0.0010597071714373032,138.82800826451268,1.0973677405626612
NVIDIA A100-SXM4-80GB,torch,512,16384,4096,512x16384x4096,68719476736.0,float16,10,30,400,0.30087296485900883,0.30477106475830074,0.004301169522869681,228.4003043218005,
NVIDIA A100-SXM4-80GB,triton,512,16384,4096,512x16384x4096,68719476736.0,float16,10,30,400,0.3803251075744629,0.38285542678833007,0.003813876408911335,180.68614290090113,0.7910941425293665
NVIDIA A100-SXM4-80GB,torch,512,16384,4096,512x16384x4096,68719476736.0,bfloat16,10,30,400,0.3295270347595215,0.3302922248840332,0.003062048304578212,208.53972356516763,
NVIDIA A100-SXM4-80GB,triton,512,16384,4096,512x16384x4096,68719476736.0,bfloat16,10,30,400,0.3623859214782715,0.3657804870605469,0.0023260501058856658,189.63064695138934,0.9093262602898325
NVIDIA A100-SXM4-80GB,torch,2048,4096,4096,2048x4096x4096,68719476736.0,float16,10,30,400,0.29429375648498535,0.29801856613159183,0.004919924578136677,233.50640379455697,
NVIDIA A100-SXM4-80GB,triton,2048,4096,4096,2048x4096x4096,68719476736.0,float16,10,30,400,0.3743782424926758,0.3752368659973145,0.0018022435539585728,183.55627794621213,0.7860866981091797
NVIDIA A100-SXM4-80GB,torch,2048,4096,4096,2048x4096x4096,68719476736.0,bfloat16,10,30,400,0.3236492919921875,0.3291031036376953,0.015110840043646928,212.32697996341918,
NVIDIA A100-SXM4-80GB,triton,2048,4096,4096,2048x4096x4096,68719476736.0,bfloat16,10,30,400,0.3563327980041504,0.36190746307373045,0.013805978003622486,192.85195502884804,0.9082781428063149
NVIDIA A100-SXM4-80GB,torch,128,8192,32768,128x8192x32768,68719476736.0,float16,10,30,400,0.35211647033691407,0.3531906509399414,0.0006727149107978563,195.16121092048732,
NVIDIA A100-SXM4-80GB,triton,128,8192,32768,128x8192x32768,68719476736.0,float16,10,30,400,0.5630771255493164,0.5645399169921875,0.002003423716766127,122.04274266861741,0.6253432333863727
NVIDIA A100-SXM4-80GB,torch,128,8192,32768,128x8192x32768,68719476736.0,bfloat16,10,30,400,0.3507481575012207,0.3520985641479492,0.001570399160764693,195.9225594385648,
NVIDIA A100-SXM4-80GB,triton,128,8192,32768,128x8192x32768,68719476736.0,bfloat16,10,30,400,0.5552102470397948,0.5570380706787109,0.004320357667106015,123.77198926423004,0.6317393444578856
NVIDIA A100-SXM4-80GB,torch,128,32768,8192,128x32768x8192,68719476736.0,float16,10,30,400,0.4103078460693359,0.4111331787109375,0.0011189118394807354,167.48272643167402,
NVIDIA A100-SXM4-80GB,triton,128,32768,8192,128x32768x8192,68719476736.0,float16,10,30,400,0.4434598350524902,0.45293619537353513,0.005004850839737911,154.9621212659902,0.9252424089788645
NVIDIA A100-SXM4-80GB,torch,128,32768,8192,128x32768x8192,68719476736.0,bfloat16,10,30,400,0.47634048461914064,0.4782287216186524,0.0045837884790659415,144.26545497375653,
NVIDIA A100-SXM4-80GB,triton,128,32768,8192,128x32768x8192,68719476736.0,bfloat16,10,30,400,0.46820735931396484,0.46978507995605473,0.0019248648274655976,146.77145792131586,1.017370776309652
NVIDIA A100-SXM4-80GB,torch,512,4096,16384,512x4096x16384,68719476736.0,float16,10,30,400,0.30426495552062993,0.3070520362854004,0.002507689005641524,225.8540639963403,
NVIDIA A100-SXM4-80GB,triton,512,4096,16384,512x4096x16384,68719476736.0,float16,10,30,400,0.5018918418884277,0.5045386238098145,0.0059983739752812616,136.9208881288741,0.6062361053245992
NVIDIA A100-SXM4-80GB,torch,512,4096,16384,512x4096x16384,68719476736.0,bfloat16,10,30,400,0.30587135314941405,0.30999578285217283,0.002693236513188197,224.6679070414007,
NVIDIA A100-SXM4-80GB,triton,512,4096,16384,512x4096x16384,68719476736.0,bfloat16,10,30,400,0.47721471786499026,0.4827873306274414,0.004725024090548283,144.00116795107218,0.640951214828099
NVIDIA A100-SXM4-80GB,torch,512,8192,8192,512x8192x8192,68719476736.0,float16,10,30,400,0.4019955253601074,0.4109475708007812,0.017358269383977987,170.9458747692306,
NVIDIA A100-SXM4-80GB,triton,512,8192,8192,512x8192x8192,68719476736.0,float16,10,30,400,0.4233676910400391,0.42762291717529294,0.0037870581089447194,162.3162990241053,0.94951866632187
NVIDIA A100-SXM4-80GB,torch,512,8192,8192,512x8192x8192,68719476736.0,bfloat16,10,30,400,0.340947208404541,0.34520421600341794,0.010223544706305241,201.55459567354166,
NVIDIA A100-SXM4-80GB,triton,512,8192,8192,512x8192x8192,68719476736.0,bfloat16,10,30,400,0.42472831726074217,0.42841883087158206,0.0062598553895248455,161.79631529915835,0.8027418812182291
NVIDIA A100-SXM4-80GB,torch,512,5120,13824,512x5120x13824,72477573120.0,float16,10,30,400,0.3185177516937256,0.32192000198364257,0.0034879479814958424,227.54641690957195,
NVIDIA A100-SXM4-80GB,triton,512,5120,13824,512x5120x13824,72477573120.0,float16,10,30,400,0.4568537712097168,0.4616998291015625,0.006756098127082917,158.64501441694233,0.6971984730481985
NVIDIA A100-SXM4-80GB,torch,512,5120,13824,512x5120x13824,72477573120.0,bfloat16,10,30,400,0.3084569549560547,0.3125445194244385,0.008279619416478359,234.96819233764967,
NVIDIA A100-SXM4-80GB,triton,512,5120,13824,512x5120x13824,72477573120.0,bfloat16,10,30,400,0.4472166442871094,0.4532887077331543,0.00519761873592157,162.06367550459504,0.6897260173483791
NVIDIA A100-SXM4-80GB,torch,512,13824,5120,512x13824x5120,72477573120.0,float16,10,30,400,0.29305215835571286,0.2948979206085205,0.003741878779880868,247.31970420100166,
NVIDIA A100-SXM4-80GB,triton,512,13824,5120,512x13824x5120,72477573120.0,float16,10,30,400,0.3798489570617676,0.385411319732666,0.010487878804830281,190.80629753635037,0.7714965459496033
NVIDIA A100-SXM4-80GB,torch,512,13824,5120,512x13824x5120,72477573120.0,bfloat16,10,30,400,0.2858022403717041,0.2865610313415527,0.002054844817820809,253.5934393857035,
NVIDIA A100-SXM4-80GB,triton,512,13824,5120,512x13824x5120,72477573120.0,bfloat16,10,30,400,0.372599048614502,0.3735516166687012,0.0006662386377913704,194.5189430555596,0.7670503760931512
NVIDIA A100-SXM4-80GB,torch,1024,11008,4096,1024x11008x4096,92341796864.0,float16,10,30,400,0.4339110374450683,0.44422399139404295,0.009275704580814155,212.81274015918567,
NVIDIA A100-SXM4-80GB,triton,1024,11008,4096,1024x11008x4096,92341796864.0,float16,10,30,400,0.501207046508789,0.5082526779174804,0.005768421077962266,184.2388240692476,0.8657321170313182
NVIDIA A100-SXM4-80GB,torch,1024,11008,4096,1024x11008x4096,92341796864.0,bfloat16,10,30,400,0.4305497741699219,0.4337123756408691,0.00799306373804938,214.47415003765892,
NVIDIA A100-SXM4-80GB,triton,1024,11008,4096,1024x11008x4096,92341796864.0,bfloat16,10,30,400,0.4901644897460937,0.4932182998657227,0.001819603543448939,188.38940558879176,0.8783781428004865
NVIDIA A100-SXM4-80GB,torch,1024,4096,11008,1024x4096x11008,92341796864.0,float16,10,30,400,0.4063833618164062,0.41098086929321287,0.005667288407435025,227.22829116640287,
NVIDIA A100-SXM4-80GB,triton,1024,4096,11008,1024x4096x11008,92341796864.0,float16,10,30,400,0.603880958557129,0.6047513618469238,0.0009873745820234974,152.9139072121682,0.6729527666965858
NVIDIA A100-SXM4-80GB,torch,1024,4096,11008,1024x4096x11008,92341796864.0,bfloat16,10,30,400,0.40965631484985354,0.4184345512390137,0.016883413780873335,225.4128485675729,
NVIDIA A100-SXM4-80GB,triton,1024,4096,11008,1024x4096x11008,92341796864.0,bfloat16,10,30,400,0.5548697471618652,0.5566796646118164,0.0014004759901103396,166.4206732054222,0.7382927559940471
NVIDIA A100-SXM4-80GB,torch,512,5120,20480,512x5120x20480,107374182400.0,float16,10,30,400,0.4556108856201172,0.4597634696960449,0.00588304670446354,235.67080109127878,
NVIDIA A100-SXM4-80GB,triton,512,5120,20480,512x5120x20480,107374182400.0,float16,10,30,400,0.6818368148803711,0.6852090606689453,0.004129636857373525,157.47783055515845,0.6682110377100341
NVIDIA A100-SXM4-80GB,torch,512,5120,20480,512x5120x20480,107374182400.0,bfloat16,10,30,400,0.4441420745849609,0.45087026596069335,0.003979916835065492,241.75638504939744,
NVIDIA A100-SXM4-80GB,triton,512,5120,20480,512x5120x20480,107374182400.0,bfloat16,10,30,400,0.6656537628173829,0.6660218963623047,0.00177002122646922,161.30635534236035,0.6672268668701389
NVIDIA A100-SXM4-80GB,torch,2048,5120,5120,2048x5120x5120,107374182400.0,float16,10,30,400,0.4710771179199219,0.4772689933776855,0.010153743841004786,227.93334321590305,
NVIDIA A100-SXM4-80GB,triton,2048,5120,5120,2048x5120x5120,107374182400.0,float16,10,30,400,0.5542732810974121,0.5560755348205566,0.0019387607614859605,193.72065380349673,0.8499004624347593
NVIDIA A100-SXM4-80GB,torch,2048,5120,5120,2048x5120x5120,107374182400.0,bfloat16,10,30,400,0.41963647842407226,0.42418431854248045,0.008241333055917292,255.87428148105565,
NVIDIA A100-SXM4-80GB,triton,2048,5120,5120,2048x5120x5120,107374182400.0,bfloat16,10,30,400,0.5423679924011231,0.5455930938720703,0.002152136344951365,197.9729333300858,0.7737117313399988
NVIDIA A100-SXM4-80GB,torch,512,20480,5120,512x20480x5120,107374182400.0,float16,10,30,400,0.44140417098999024,0.44647988510131836,0.005047487183869761,243.25593063422804,
NVIDIA A100-SXM4-80GB,triton,512,20480,5120,512x20480x5120,107374182400.0,float16,10,30,400,0.5606809425354005,0.5616980438232422,0.0013641769600893747,191.50674519888926,0.7872644448979479
NVIDIA A100-SXM4-80GB,torch,512,20480,5120,512x20480x5120,107374182400.0,bfloat16,10,30,400,0.4323366355895996,0.43860453033447266,0.008949565419887007,248.35781555631604,
NVIDIA A100-SXM4-80GB,triton,512,20480,5120,512x20480x5120,107374182400.0,bfloat16,10,30,400,0.5739814567565917,0.5774059371948242,0.001688149053979117,187.06907886317688,0.7532240467011124
NVIDIA A100-SXM4-80GB,torch,256,8192,28672,256x8192x28672,120259084288.0,float16,10,30,400,0.5311603164672851,0.5360532341003418,0.011968140574137849,226.40826236386752,
NVIDIA A100-SXM4-80GB,triton,256,8192,28672,256x8192x28672,120259084288.0,float16,10,30,400,0.8926873397827149,0.8959664916992187,0.005326053514971547,134.71579457738443,0.5950127136300293
NVIDIA A100-SXM4-80GB,torch,256,8192,28672,256x8192x28672,120259084288.0,bfloat16,10,30,400,0.5344550323486328,0.5385817451477051,0.003223865205504307,225.012539894195,
NVIDIA A100-SXM4-80GB,triton,256,8192,28672,256x8192x28672,120259084288.0,bfloat16,10,30,400,0.8709606170654297,0.8722977523803711,0.0017235730038953794,138.0763744441107,0.6136385754724459
NVIDIA A100-SXM4-80GB,torch,256,28672,8192,256x28672x8192,120259084288.0,float16,10,30,400,0.5896614456176759,0.5985075340270996,0.005139973829114436,203.94598490669077,
NVIDIA A100-SXM4-80GB,triton,256,28672,8192,256x28672x8192,120259084288.0,float16,10,30,400,0.7309811019897461,0.7335395812988281,0.003375230415131225,164.51736434861616,0.8066712586859016
NVIDIA A100-SXM4-80GB,torch,256,28672,8192,256x28672x8192,120259084288.0,bfloat16,10,30,400,0.5804351997375488,0.5825129127502441,0.003274081407281296,207.18778658216576,
NVIDIA A100-SXM4-80GB,triton,256,28672,8192,256x28672x8192,120259084288.0,bfloat16,10,30,400,0.7113407897949219,0.7156183166503906,0.00411508585531057,169.05973341226564,0.8159734519159053
NVIDIA A100-SXM4-80GB,torch,1024,16384,4096,1024x16384x4096,137438953472.0,float16,10,30,400,0.582737922668457,0.5904348335266113,0.012294204350040654,235.85036793665913,
NVIDIA A100-SXM4-80GB,triton,1024,16384,4096,1024x16384x4096,137438953472.0,float16,10,30,400,0.7277542114257813,0.7281728134155274,0.0018727128580663117,188.85353229730703,0.8007345248154383
NVIDIA A100-SXM4-80GB,torch,1024,16384,4096,1024x16384x4096,137438953472.0,bfloat16,10,30,400,0.5638080024719239,0.5734799194335937,0.01805530931180183,243.76907186386396,
NVIDIA A100-SXM4-80GB,triton,1024,16384,4096,1024x16384x4096,137438953472.0,bfloat16,10,30,400,0.7138329315185548,0.7148664245605468,0.001413314240720301,192.53658300636627,0.7898318746271917
NVIDIA A100-SXM4-80GB,torch,1024,4096,16384,1024x4096x16384,137438953472.0,float16,10,30,400,0.6097036743164063,0.6199247283935547,0.016706656136499982,225.41926391717288,
NVIDIA A100-SXM4-80GB,triton,1024,4096,16384,1024x4096x16384,137438953472.0,float16,10,30,400,0.8376128005981445,0.839385871887207,0.001981428085706811,164.08411305779234,0.7279063475164337
NVIDIA A100-SXM4-80GB,torch,1024,4096,16384,1024x4096x16384,137438953472.0,bfloat16,10,30,400,0.5811443138122558,0.5839531402587891,0.0037971752936116197,236.49711475349815,
NVIDIA A100-SXM4-80GB,triton,1024,4096,16384,1024x4096x16384,137438953472.0,bfloat16,10,30,400,0.823457260131836,0.8249111022949218,0.0022747249341937103,166.90478076542303,0.705737069728688
NVIDIA A100-SXM4-80GB,torch,256,8192,32768,256x8192x32768,137438953472.0,float16,10,30,400,0.598598403930664,0.5995924301147461,0.00151168076225409,229.60126951477747,
NVIDIA A100-SXM4-80GB,triton,256,8192,32768,256x8192x32768,137438953472.0,float16,10,30,400,1.0119039916992187,1.0140725402832031,0.0032499398229262418,135.82212798786225,0.591556520026648
NVIDIA A100-SXM4-80GB,torch,256,8192,32768,256x8192x32768,137438953472.0,bfloat16,10,30,400,0.6125503921508789,0.6149969787597657,0.0028542639455878403,224.37166840984904,
NVIDIA A100-SXM4-80GB,triton,256,8192,32768,256x8192x32768,137438953472.0,bfloat16,10,30,400,1.0616268920898437,1.0650439529418945,0.004506162395159374,129.4606932963495,0.5769921586528912
NVIDIA A100-SXM4-80GB,torch,1024,8192,8192,1024x8192x8192,137438953472.0,float16,10,30,400,0.6076390266418457,0.6130086479187011,0.0052800286574430965,226.18519786585273,
NVIDIA A100-SXM4-80GB,triton,1024,8192,8192,1024x8192x8192,137438953472.0,float16,10,30,400,0.7292723083496093,0.7297702255249023,0.0011823069771113245,188.46040347128124,0.8332128063616899
NVIDIA A100-SXM4-80GB,torch,1024,8192,8192,1024x8192x8192,137438953472.0,bfloat16,10,30,400,0.5850662422180175,0.5956830596923828,0.016468726203284417,234.91178187099214,
NVIDIA A100-SXM4-80GB,triton,1024,8192,8192,1024x8192x8192,137438953472.0,bfloat16,10,30,400,0.7074444961547852,0.7103815994262695,0.0029563472943628768,194.2752459295818,0.8270136320206921
NVIDIA A100-SXM4-80GB,torch,256,32768,8192,256x32768x8192,137438953472.0,float16,10,30,400,0.6283916664123536,0.63042431640625,0.003659466224739087,218.7154299112107,
NVIDIA A100-SXM4-80GB,triton,256,32768,8192,256x32768x8192,137438953472.0,float16,10,30,400,0.7655731201171875,0.7671498184204102,0.0035647024678558312,179.52426732401733,0.8208120816939924
NVIDIA A100-SXM4-80GB,torch,256,32768,8192,256x32768x8192,137438953472.0,bfloat16,10,30,400,0.6120294380187988,0.6139520072937013,0.0025617210558421303,224.56265162163407,
NVIDIA A100-SXM4-80GB,triton,256,32768,8192,256x32768x8192,137438953472.0,bfloat16,10,30,400,0.7441036605834961,0.751675895690918,0.004992991428687955,184.70404159042292,0.8225056137190214
NVIDIA A100-SXM4-80GB,torch,1024,5120,13824,1024x5120x13824,144955146240.0,float16,10,30,400,0.6510950469970702,0.6542105636596679,0.006442159997978666,222.63285047022063,
NVIDIA A100-SXM4-80GB,triton,1024,5120,13824,1024x5120x13824,144955146240.0,float16,10,30,400,0.7528166580200195,0.756582405090332,0.005698353964129611,192.5503968273577,0.8648786395209599
NVIDIA A100-SXM4-80GB,torch,1024,5120,13824,1024x5120x13824,144955146240.0,bfloat16,10,30,400,0.5790297698974609,0.5846087646484375,0.004945531530797957,250.34143972540443,
NVIDIA A100-SXM4-80GB,triton,1024,5120,13824,1024x5120x13824,144955146240.0,bfloat16,10,30,400,0.7751449584960937,0.776472297668457,0.0014710281464151817,187.0039205585964,0.7469954665265089
NVIDIA A100-SXM4-80GB,torch,1024,13824,5120,1024x13824x5120,144955146240.0,float16,10,30,400,0.628977928161621,0.6318013343811035,0.006610448336736881,230.46141962989932,
NVIDIA A100-SXM4-80GB,triton,1024,13824,5120,1024x13824x5120,144955146240.0,float16,10,30,400,0.7437260818481446,0.7448627548217773,0.001232093462275045,194.90394350536872,0.8457118064202123
NVIDIA A100-SXM4-80GB,torch,1024,13824,5120,1024x13824x5120,144955146240.0,bfloat16,10,30,400,0.5681049537658691,0.5773747138977051,0.013288488307868673,255.15557517870158,
NVIDIA A100-SXM4-80GB,triton,1024,13824,5120,1024x13824x5120,144955146240.0,bfloat16,10,30,400,0.7267097473144531,0.7279329223632812,0.0017914094549848316,199.46773354242177,0.781749461687137
NVIDIA A100-SXM4-80GB,torch,2048,4096,11008,2048x4096x11008,184683593728.0,float16,10,30,400,0.7800077056884765,0.7842621765136719,0.004058031544823073,236.77149902639536,
NVIDIA A100-SXM4-80GB,triton,2048,4096,11008,2048x4096x11008,184683593728.0,float16,10,30,400,1.0156595230102539,1.0164198608398436,0.0025110804762637573,181.83612671757075,0.7679814819996541
NVIDIA A100-SXM4-80GB,torch,2048,4096,11008,2048x4096x11008,184683593728.0,bfloat16,10,30,400,0.7629964828491211,0.7707328033447265,0.0070584131673803235,242.05038670475795,
NVIDIA A100-SXM4-80GB,triton,2048,4096,11008,2048x4096x11008,184683593728.0,bfloat16,10,30,400,0.9525875091552735,0.9573332748413086,0.005231893818260755,193.8757247528597,0.800972588361697
NVIDIA A100-SXM4-80GB,torch,2048,11008,4096,2048x11008x4096,184683593728.0,float16,10,30,400,0.8270566558837891,0.8346316757202148,0.013211229274748363,223.30222774236418,
NVIDIA A100-SXM4-80GB,triton,2048,11008,4096,2048x11008x4096,184683593728.0,float16,10,30,400,0.9538930892944336,0.9560048522949219,0.0039536993668023955,193.61036975810882,0.8670328626613055
NVIDIA A100-SXM4-80GB,torch,2048,11008,4096,2048x11008x4096,184683593728.0,bfloat16,10,30,400,0.7798822402954102,0.7840414886474609,0.004254127306634594,236.8095901992127,
NVIDIA A100-SXM4-80GB,triton,2048,11008,4096,2048x11008x4096,184683593728.0,bfloat16,10,30,400,0.932971534729004,0.9344729461669922,0.003807793356505039,197.95201338232062,0.835912148725887
NVIDIA A100-SXM4-80GB,torch,1024,20480,5120,1024x20480x5120,214748364800.0,float16,10,30,200,0.9329894256591797,0.938766830444336,0.009940370549655561,230.1723458958552,
NVIDIA A100-SXM4-80GB,triton,1024,20480,5120,1024x20480x5120,214748364800.0,float16,10,30,200,1.10687744140625,1.1115816955566407,0.004177109611158874,194.0127757298672,0.842902195634097
NVIDIA A100-SXM4-80GB,torch,1024,20480,5120,1024x20480x5120,214748364800.0,bfloat16,10,30,200,0.8448332977294921,0.8577750854492187,0.021376376672512076,254.19022353538966,
NVIDIA A100-SXM4-80GB,triton,1024,20480,5120,1024x20480x5120,214748364800.0,bfloat16,10,30,200,1.0782489395141601,1.081082908630371,0.006711214855192751,199.16399351782516,0.7835234209552379
NVIDIA A100-SXM4-80GB,torch,1024,5120,20480,1024x5120x20480,214748364800.0,float16,10,30,200,0.9420620727539062,0.9575075759887695,0.008830834855190983,227.9556422139271,
NVIDIA A100-SXM4-80GB,triton,1024,5120,20480,1024x5120x20480,214748364800.0,float16,10,30,200,1.1060889816284178,1.120061965942383,0.010350446806059158,194.15107497395095,0.8517055032651837
NVIDIA A100-SXM4-80GB,torch,1024,5120,20480,1024x5120x20480,214748364800.0,bfloat16,10,30,200,0.8376038360595703,0.8448998489379882,0.009185205103334659,256.38417060058345,
NVIDIA A100-SXM4-80GB,triton,1024,5120,20480,1024x5120x20480,214748364800.0,bfloat16,10,30,200,1.1030348968505859,1.1050214080810545,0.0026020293070548447,194.68864077932182,0.7593629525694234
NVIDIA A100-SXM4-80GB,torch,512,8192,28672,512x8192x28672,240518168576.0,float16,10,30,200,1.020623359680176,1.0218777923583984,0.002809553916589336,235.65810668038125,
NVIDIA A100-SXM4-80GB,triton,512,8192,28672,512x8192x28672,240518168576.0,float16,10,30,200,1.4796109008789062,1.4844733123779297,0.004393095379448682,162.55501255980838,0.6897917277264676
NVIDIA A100-SXM4-80GB,torch,512,8192,28672,512x8192x28672,240518168576.0,bfloat16,10,30,200,1.0249574279785156,1.0287006683349609,0.00801157928629825,234.66161814190156,
NVIDIA A100-SXM4-80GB,triton,512,8192,28672,512x8192x28672,240518168576.0,bfloat16,10,30,200,1.4461005401611327,1.4486931915283203,0.002320308614355905,166.32188557871646,0.7087732834013803
NVIDIA A100-SXM4-80GB,torch,512,28672,8192,512x28672x8192,240518168576.0,float16,10,30,200,1.069826545715332,1.0865812301635742,0.0087558210909366,224.81977993468018,
NVIDIA A100-SXM4-80GB,triton,512,28672,8192,512x28672x8192,240518168576.0,float16,10,30,200,1.2952652740478516,1.304104995727539,0.006810381162795449,185.6902778103155,0.8259516927926294
NVIDIA A100-SXM4-80GB,torch,512,28672,8192,512x28672x8192,240518168576.0,bfloat16,10,30,200,1.0767283248901367,1.1043844757080077,0.015871288437765474,223.37869545740904,
NVIDIA A100-SXM4-80GB,triton,512,28672,8192,512x28672x8192,240518168576.0,bfloat16,10,30,200,1.2578278350830079,1.2726271743774416,0.007666452323839189,191.217082232981,0.8560220205486867
NVIDIA A100-SXM4-80GB,torch,2048,8192,8192,2048x8192x8192,274877906944.0,float16,10,30,200,1.1125939178466797,1.121718765258789,0.0069384465259818215,247.06040769663755,
NVIDIA A100-SXM4-80GB,triton,2048,8192,8192,2048x8192x8192,274877906944.0,float16,10,30,200,1.4231782531738282,1.4255841522216797,0.004331343815374392,193.14369533893247,0.7817670874084011
NVIDIA A100-SXM4-80GB,torch,2048,8192,8192,2048x8192x8192,274877906944.0,bfloat16,10,30,200,1.0874470138549803,1.1073561477661134,0.029000557461452862,252.77360960288325,
NVIDIA A100-SXM4-80GB,triton,2048,8192,8192,2048x8192x8192,274877906944.0,bfloat16,10,30,200,1.3986073303222657,1.4026219787597656,0.00484890921501591,196.5368699166355,0.7775213172981239
NVIDIA A100-SXM4-80GB,torch,2048,16384,4096,2048x16384x4096,274877906944.0,float16,10,30,200,1.2015744018554688,1.2226360015869142,0.015457147400321303,228.76478270470315,
NVIDIA A100-SXM4-80GB,triton,2048,16384,4096,2048x16384x4096,274877906944.0,float16,10,30,200,1.4672589111328125,1.4701746673583984,0.0046419440820230215,187.34110582554078,0.8189245897493176
NVIDIA A100-SXM4-80GB,torch,2048,16384,4096,2048x16384x4096,274877906944.0,bfloat16,10,30,200,1.1272268676757813,1.1396239395141603,0.028686636828922165,243.85322495973523,
NVIDIA A100-SXM4-80GB,triton,2048,16384,4096,2048x16384x4096,274877906944.0,bfloat16,10,30,200,1.358886413574219,1.361316909790039,0.003512015827787556,202.28173907560148,0.8295225093250335
NVIDIA A100-SXM4-80GB,torch,512,8192,32768,512x8192x32768,274877906944.0,float16,10,30,200,1.1613286209106446,1.1653739395141602,0.003456918053426095,236.69261395491756,
NVIDIA A100-SXM4-80GB,triton,512,8192,32768,512x8192x32768,274877906944.0,float16,10,30,200,1.6884735870361327,1.6911354675292969,0.002090835181382385,162.79668752562947,0.687797919865117
NVIDIA A100-SXM4-80GB,torch,512,8192,32768,512x8192x32768,274877906944.0,bfloat16,10,30,200,1.172300796508789,1.189804557800293,0.02406421827221372,234.4772841258913,
NVIDIA A100-SXM4-80GB,triton,512,8192,32768,512x8192x32768,274877906944.0,bfloat16,10,30,200,1.6534041595458984,1.6568105010986327,0.003183269807018277,166.24967667886733,0.709022527698707
NVIDIA A100-SXM4-80GB,torch,1024,8192,16384,1024x8192x16384,274877906944.0,float16,10,30,200,1.2162252807617189,1.2286489715576172,0.016506529325897534,226.00903902593166,
NVIDIA A100-SXM4-80GB,triton,1024,8192,16384,1024x8192x16384,274877906944.0,float16,10,30,200,1.4332313537597656,1.4483343963623048,0.010263464646153459,191.7889294166769,0.8485896415615112
NVIDIA A100-SXM4-80GB,torch,1024,8192,16384,1024x8192x16384,274877906944.0,bfloat16,10,30,200,1.1181849288940429,1.1297674255371093,0.010037845370111905,245.82508656763244,
NVIDIA A100-SXM4-80GB,triton,1024,8192,16384,1024x8192x16384,274877906944.0,bfloat16,10,30,200,1.407979507446289,1.4114093780517578,0.004693788708193088,195.22862761160314,0.7941769911993544
NVIDIA A100-SXM4-80GB,torch,512,32768,8192,512x32768x8192,274877906944.0,float16,10,30,200,1.1441715240478516,1.1538759765625,0.007020093914449186,240.2418703548368,
NVIDIA A100-SXM4-80GB,triton,512,32768,8192,512x32768x8192,274877906944.0,float16,10,30,200,1.4373837280273438,1.439363525390625,0.003657393961121106,191.23488153107218,0.7960097931664395
NVIDIA A100-SXM4-80GB,torch,512,32768,8192,512x32768x8192,274877906944.0,bfloat16,10,30,200,1.1131468963623048,1.1199948501586914,0.0071157043935901115,246.9376753798479,
NVIDIA A100-SXM4-80GB,triton,512,32768,8192,512x32768x8192,274877906944.0,bfloat16,10,30,200,1.411379165649414,1.4134246215820312,0.0032919794110951163,194.7583708432604,0.788694436941129
NVIDIA A100-SXM4-80GB,torch,2048,4096,16384,2048x4096x16384,274877906944.0,float16,10,30,200,1.142822380065918,1.1480299377441405,0.00691861555987583,240.52548474605916,
NVIDIA A100-SXM4-80GB,triton,2048,4096,16384,2048x4096x16384,274877906944.0,float16,10,30,200,1.4358143615722656,1.4430484008789064,0.0037835191784658076,191.44390410122335,0.7959402069321055
NVIDIA A100-SXM4-80GB,torch,2048,4096,16384,2048x4096x16384,274877906944.0,bfloat16,10,30,200,1.1162112045288084,1.1336914138793945,0.024187112611443403,246.2597632318478,
NVIDIA A100-SXM4-80GB,triton,2048,4096,16384,2048x4096x16384,274877906944.0,bfloat16,10,30,200,1.4039756774902346,1.4102225799560548,0.00507437775699806,195.78537673485582,0.7950359984327949
NVIDIA A100-SXM4-80GB,torch,2048,13824,5120,2048x13824x5120,289910292480.0,float16,10,30,200,1.1557939147949219,1.1664373397827148,0.009388156441811195,250.83216719603527,
NVIDIA A100-SXM4-80GB,triton,2048,13824,5120,2048x13824x5120,289910292480.0,float16,10,30,200,1.474370574951172,1.4767031707763671,0.0035046318623185996,196.63325991811874,0.7839236175974276
NVIDIA A100-SXM4-80GB,torch,2048,13824,5120,2048x13824x5120,289910292480.0,bfloat16,10,30,200,1.1302681350708008,1.139576301574707,0.013430027537365727,256.4969173990204,
NVIDIA A100-SXM4-80GB,triton,2048,13824,5120,2048x13824x5120,289910292480.0,bfloat16,10,30,200,1.4475186920166017,1.4497336120605469,0.0038025911317109734,200.2808627473496,0.7808314609714468
NVIDIA A100-SXM4-80GB,torch,2048,5120,13824,2048x5120x13824,289910292480.0,float16,10,30,200,1.1392153930664062,1.1467130966186523,0.009407012662937687,254.48242206388517,
NVIDIA A100-SXM4-80GB,triton,2048,5120,13824,2048x5120x13824,289910292480.0,float16,10,30,200,1.4585753631591798,1.4653041076660156,0.006054351363734314,198.7626418233701,0.7810466444455358
NVIDIA A100-SXM4-80GB,torch,2048,5120,13824,2048x5120x13824,289910292480.0,bfloat16,10,30,200,1.1041075134277345,1.128141311645508,0.0252415134791834,262.5743317151831,
NVIDIA A100-SXM4-80GB,triton,2048,5120,13824,2048x5120x13824,289910292480.0,bfloat16,10,30,200,1.4289740753173827,1.4328744659423829,0.004800650386426284,202.88002244939915,0.7726574837843061
NVIDIA A100-SXM4-80GB,torch,2048,20480,5120,2048x20480x5120,429496729600.0,float16,10,30,200,1.7271269989013671,1.731780059814453,0.009203626655066407,248.67698198986218,
NVIDIA A100-SXM4-80GB,triton,2048,20480,5120,2048x20480x5120,429496729600.0,float16,10,30,200,2.182678985595703,2.187383834838867,0.0053491416505934575,196.77503308292515,0.791287683758954
NVIDIA A100-SXM4-80GB,torch,2048,20480,5120,2048x20480x5120,429496729600.0,bfloat16,10,30,200,1.6865868377685547,1.6915010681152345,0.008144227316560698,254.65438243799372,
NVIDIA A100-SXM4-80GB,triton,2048,20480,5120,2048x20480x5120,429496729600.0,bfloat16,10,30,200,2.149744644165039,2.1543915557861326,0.0057274378209056665,199.78964979201822,0.7845521756950928
NVIDIA A100-SXM4-80GB,torch,2048,5120,20480,2048x5120x20480,429496729600.0,float16,10,30,200,1.6774297332763672,1.6832209320068359,0.010205582165730122,256.04454307668914,
NVIDIA A100-SXM4-80GB,triton,2048,5120,20480,2048x5120x20480,429496729600.0,float16,10,30,200,2.154339828491211,2.156421112060547,0.005741122418588303,199.36350055821856,0.7786281955577793
NVIDIA A100-SXM4-80GB,torch,2048,5120,20480,2048x5120x20480,429496729600.0,bfloat16,10,30,200,1.6369484710693358,1.6422881317138671,0.008798766737867387,262.3764505668474,
NVIDIA A100-SXM4-80GB,triton,2048,5120,20480,2048x5120x20480,429496729600.0,bfloat16,10,30,200,2.114470443725586,2.117776885986328,0.006493915560833068,203.12259784688655,0.7741647446180986
NVIDIA A100-SXM4-80GB,torch,1024,28672,8192,1024x28672x8192,481036337152.0,float16,10,30,200,2.0610124969482424,2.0682101593017577,0.00862020389143162,233.39806908705037,
NVIDIA A100-SXM4-80GB,triton,1024,28672,8192,1024x28672x8192,481036337152.0,float16,10,30,200,2.2825650787353515,2.2913331146240234,0.008126009163826537,210.7437556253672,0.9029370142165412
NVIDIA A100-SXM4-80GB,torch,1024,28672,8192,1024x28672x8192,481036337152.0,bfloat16,10,30,200,1.9638092803955078,1.9648675994873048,0.007667806526593193,244.95063851369522,
NVIDIA A100-SXM4-80GB,triton,1024,28672,8192,1024x28672x8192,481036337152.0,bfloat16,10,30,200,2.3896601867675784,2.390601257324219,0.0021966608215885125,201.29905490984615,0.8217943669438179
NVIDIA A100-SXM4-80GB,torch,1024,8192,28672,1024x8192x28672,481036337152.0,float16,10,30,200,2.0843749999999996,2.0944430236816407,0.006478283085575138,230.78205080755626,
NVIDIA A100-SXM4-80GB,triton,1024,8192,28672,1024x8192x28672,481036337152.0,float16,10,30,200,2.516689987182617,2.529343978881836,0.013313438827211655,191.13849524649257,0.8282208021709558
NVIDIA A100-SXM4-80GB,torch,1024,8192,28672,1024x8192x28672,481036337152.0,bfloat16,10,30,200,2.0302591705322266,2.0474230346679687,0.010557716032348117,236.93346353702105,
NVIDIA A100-SXM4-80GB,triton,1024,8192,28672,1024x8192x28672,481036337152.0,bfloat16,10,30,200,2.4660581970214848,2.47382470703125,0.015143934400772873,195.06284877339783,0.8232811265299342
NVIDIA A100-SXM4-80GB,torch,1024,8192,32768,1024x8192x32768,549755813888.0,float16,10,30,200,2.367011795043945,2.373413330078125,0.007712846663969632,232.25731913929621,
NVIDIA A100-SXM4-80GB,triton,1024,8192,32768,1024x8192x32768,549755813888.0,float16,10,30,200,2.884503021240234,2.8888939514160157,0.004622146557748786,190.58943944237038,0.8205960533285259
NVIDIA A100-SXM4-80GB,torch,1024,8192,32768,1024x8192x32768,549755813888.0,bfloat16,10,30,200,2.313006057739258,2.3183416748046874,0.00527241002471358,237.68023090494353,
NVIDIA A100-SXM4-80GB,triton,1024,8192,32768,1024x8192x32768,549755813888.0,bfloat16,10,30,200,2.811189727783203,2.815763488769531,0.0036739488010133553,195.55984018251107,0.8227854686859596
NVIDIA A100-SXM4-80GB,torch,1024,32768,8192,1024x32768x8192,549755813888.0,float16,10,30,200,2.3664691162109373,2.3701027221679687,0.009847722360857403,232.3105804009982,
NVIDIA A100-SXM4-80GB,triton,1024,32768,8192,1024x32768x8192,549755813888.0,float16,10,30,200,2.575669708251953,2.5773261413574216,0.0021142424988381397,213.4418912978972,0.9187781758776068
NVIDIA A100-SXM4-80GB,torch,1024,32768,8192,1024x32768x8192,549755813888.0,bfloat16,10,30,200,2.2063770294189453,2.2136571350097656,0.010389309357558645,249.16675915211985,
NVIDIA A100-SXM4-80GB,triton,1024,32768,8192,1024x32768x8192,549755813888.0,bfloat16,10,30,200,2.6898431396484375,2.692078125,0.0036212734637393446,204.38210904738972,0.8202623405420283
NVIDIA A100-SXM4-80GB,torch,2048,8192,28672,2048x8192x28672,962072674304.0,float16,10,30,120,3.8883200327555336,3.8976836903889973,0.01931030546391555,247.42630909992468,
NVIDIA A100-SXM4-80GB,triton,2048,8192,28672,2048x8192x28672,962072674304.0,float16,10,30,120,4.914112091064453,4.91653818766276,0.004300648579441841,195.77751920909157,0.7912558689546048
NVIDIA A100-SXM4-80GB,torch,2048,8192,28672,2048x8192x28672,962072674304.0,bfloat16,10,30,120,3.886464055379232,3.8986940002441406,0.02395555853847631,247.5444673088899,
NVIDIA A100-SXM4-80GB,triton,2048,8192,28672,2048x8192x28672,962072674304.0,bfloat16,10,30,120,4.811758931477865,4.817155405680339,0.005345523551870668,199.9419937707712,0.8077013230971566
NVIDIA A100-SXM4-80GB,torch,2048,28672,8192,2048x28672x8192,962072674304.0,float16,10,30,120,3.841211700439453,3.8556337992350262,0.008470334679906807,250.4607268050168,
NVIDIA A100-SXM4-80GB,triton,2048,28672,8192,2048x28672x8192,962072674304.0,float16,10,30,120,4.545868937174479,4.564949188232422,0.01201647755965644,211.63669423826016,0.844989539629576
NVIDIA A100-SXM4-80GB,torch,2048,28672,8192,2048x28672x8192,962072674304.0,bfloat16,10,30,120,3.778457514444987,3.7893341064453128,0.032621420490227655,254.62048220100675,
NVIDIA A100-SXM4-80GB,triton,2048,28672,8192,2048x28672x8192,962072674304.0,bfloat16,10,30,120,4.751206461588541,4.757730967203776,0.00566332516615022,202.49018477347667,0.7952627495757528
NVIDIA A100-SXM4-80GB,torch,2048,32768,8192,2048x32768x8192,1099511627776.0,float16,10,30,120,4.346252950032552,4.355473937988281,0.03171310528235414,252.9792077029859,
NVIDIA A100-SXM4-80GB,triton,2048,32768,8192,2048x32768x8192,1099511627776.0,float16,10,30,120,5.434252929687499,5.446322428385417,0.0078924064820889,202.32985876850384,0.7997884909421186
NVIDIA A100-SXM4-80GB,torch,2048,32768,8192,2048x32768x8192,1099511627776.0,bfloat16,10,30,120,4.243980789184571,4.258389282226562,0.014824960917577725,259.0755430792743,
NVIDIA A100-SXM4-80GB,triton,2048,32768,8192,2048x32768x8192,1099511627776.0,bfloat16,10,30,120,5.612036387125651,5.628727620442708,0.017896963691249834,195.92025994313684,0.7562283093745645
NVIDIA A100-SXM4-80GB,torch,2048,8192,32768,2048x8192x32768,1099511627776.0,float16,10,30,120,4.45716069539388,4.4640475972493485,0.008598240528444667,246.6843138306091,
NVIDIA A100-SXM4-80GB,triton,2048,8192,32768,2048x8192x32768,1099511627776.0,float16,10,30,120,5.585288492838542,5.589771779378255,0.003047212509636048,196.858520233251,0.7980179897795526
NVIDIA A100-SXM4-80GB,torch,2048,8192,32768,2048x8192x32768,1099511627776.0,bfloat16,10,30,120,4.453512573242188,4.4607396443684895,0.03212049339342287,246.88638679996987,
NVIDIA A100-SXM4-80GB,triton,2048,8192,32768,2048x8192x32768,1099511627776.0,bfloat16,10,30,120,5.470643107096354,5.473958384195964,0.0056150411888957535,200.9839805396456,0.8140747780576703
