gpu,backend,op,do_silu,M,N,K,shape,dtype,trials,warmup,iters,flops,latency_p50_ms,latency_p90_ms,latency_std_ms,jitter_p90_over_p50,gemm_equiv_tflops_p50,bytes_io,bandwidth_gbps_p50,ai_flops_per_byte,speedup_vs_cublas_p50
NVIDIA A100-SXM4-80GB,cuBLAS,linear+bias+silu,1,128,4096,4096,128x4096x4096,float16,10,30,2000,4294967296.0,0.04887270355224609,0.049953895568847655,0.003263010534331878,1.0221226152436143,87.88069789117718,39854080.0,815.467062455324,107.76731757451182,
NVIDIA A100-SXM4-80GB,Triton,linear+bias+silu,1,128,4096,4096,128x4096x4096,float16,10,30,2000,4294967296.0,0.06782540893554687,0.06818831100463868,0.0004264393926812142,1.0053505327101924,63.32386878907611,35659776.0,525.7583634163824,120.44291293360901,0.7205662939487597
NVIDIA A100-SXM4-80GB,cuBLAS,linear+bias+silu,1,128,4096,4096,128x4096x4096,bfloat16,10,30,2000,4294967296.0,0.05349171257019043,0.05438684120178222,0.0026020815282998874,1.0167339684706715,80.29220022380579,39854080.0,745.0514871383957,107.76731757451182,
NVIDIA A100-SXM4-80GB,Triton,linear+bias+silu,1,128,4096,4096,128x4096x4096,bfloat16,10,30,2000,4294967296.0,0.06788991928100586,0.06872304916381836,0.0005460490022354834,1.0122717760108693,63.263697195198155,35659776.0,525.2587774099303,120.44291293360901,0.7879183409952332
NVIDIA A100-SXM4-80GB,cuBLAS,linear+bias+silu,1,128,5120,5120,128x5120x5120,float16,10,30,2000,6710886400.0,0.06383411026000976,0.06551470336914063,0.004274504491319238,1.026327508949141,105.13010007760973,60303360.0,944.6886586868951,111.28544744438784,
NVIDIA A100-SXM4-80GB,Triton,linear+bias+silu,1,128,5120,5120,128x5120x5120,float16,10,30,2000,6710886400.0,0.06771558380126953,0.068737744140625,0.0010732619865148078,1.0150949055147378,99.10401746952353,55060480.0,813.1138640344666,121.88209038497304,0.942679759615585
NVIDIA A100-SXM4-80GB,cuBLAS,linear+bias+silu,1,128,5120,5120,128x5120x5120,bfloat16,10,30,2000,6710886400.0,0.06629119873046875,0.06755799102783203,0.0033482874438047743,1.0191095095823186,101.23344468826966,60303360.0,909.6736995990296,111.28544744438784,
NVIDIA A100-SXM4-80GB,Triton,linear+bias+silu,1,128,5120,5120,128x5120x5120,bfloat16,10,30,2000,6710886400.0,0.06799462509155274,0.06966107864379883,0.0008749999482583793,1.0245086071141987,98.69730719103151,55060480.0,809.776948190577,121.88209038497304,0.9749476321284164
NVIDIA A100-SXM4-80GB,cuBLAS,linear+bias+silu,1,256,4096,4096,256x4096x4096,float16,10,30,2000,8589934592.0,0.07423462295532227,0.07540618591308593,0.002621976109649619,1.0157818940963539,115.71331879963626,46145536.0,621.617436216689,186.14876619918337,
NVIDIA A100-SXM4-80GB,Triton,linear+bias+silu,1,256,4096,4096,256x4096x4096,float16,10,30,2000,8589934592.0,0.07069286727905273,0.07106104431152344,0.0009552633375386684,1.005208121365588,121.51062649775017,37756928.0,534.0981269151024,227.50618355391626,1.0501006086270177
NVIDIA A100-SXM4-80GB,cuBLAS,linear+bias+silu,1,256,4096,4096,256x4096x4096,bfloat16,10,30,2000,8589934592.0,0.07716403198242187,0.07895670013427733,0.005416451676028869,1.0232319139604296,111.32044776971743,46145536.0,598.0187247150595,186.14876619918337,
NVIDIA A100-SXM4-80GB,Triton,linear+bias+silu,1,256,4096,4096,256x4096x4096,bfloat16,10,30,2000,8589934592.0,0.07081164932250977,0.07083484420776368,3.68552034301446e-05,1.0003275574778419,121.30680014071372,37756928.0,533.2022112355705,227.50618355391626,1.0897081584836463
NVIDIA A100-SXM4-80GB,cuBLAS,linear+bias+silu,1,128,4096,11008,128x4096x11008,float16,10,30,1000,11542724608.0,0.09802905654907226,0.10002032775878905,0.006037250714059918,1.0203130712445445,117.74799242530545,98246656.0,1002.2197444164814,117.48720086717252,
NVIDIA A100-SXM4-80GB,Triton,linear+bias+silu,1,128,4096,11008,128x4096x11008,float16,10,30,1000,11542724608.0,0.1344696273803711,0.13612083892822263,0.003177861291337256,1.012279438710578,85.83889784530572,94052352.0,699.431937399189,122.72659176029963,0.7290051921671483
NVIDIA A100-SXM4-80GB,cuBLAS,linear+bias+silu,1,128,4096,11008,128x4096x11008,bfloat16,10,30,1000,11542724608.0,0.09114982604980469,0.09298687896728515,0.0015974054132109744,1.0201542119946196,126.63463122456209,98246656.0,1077.858952208176,117.48720086717252,
NVIDIA A100-SXM4-80GB,Triton,linear+bias+silu,1,128,4096,11008,128x4096x11008,bfloat16,10,30,1000,11542724608.0,0.13237708282470703,0.13375180969238282,0.004262564959206174,1.010384930974013,87.1957922149169,94052352.0,710.4881750910282,122.72659176029963,0.6885619784393101
NVIDIA A100-SXM4-80GB,cuBLAS,linear+bias+silu,1,128,11008,4096,128x11008x4096,float16,10,30,1000,11542724608.0,0.13183692932128907,0.1349311538696289,0.005163148508351792,1.0234700896347422,87.55304501874558,105338368.0,799.0050173520686,109.57759102552262,
NVIDIA A100-SXM4-80GB,Triton,linear+bias+silu,1,128,11008,4096,128x11008x4096,float16,10,30,1000,11542724608.0,0.07738777542114259,0.07767367935180663,0.0003112182668818613,1.0036944327331825,149.1543663735615,94066176.0,1215.5172504713298,122.7085558150041,1.7035885655561926
NVIDIA A100-SXM4-80GB,cuBLAS,linear+bias+silu,1,128,11008,4096,128x11008x4096,bfloat16,10,30,1000,11542724608.0,0.09224703979492188,0.10423705520629882,0.005168510629295384,1.129977237622285,125.12840123283193,105338368.0,1141.9159707908457,109.57759102552262,
NVIDIA A100-SXM4-80GB,Triton,linear+bias+silu,1,128,11008,4096,128x11008x4096,bfloat16,10,30,1000,11542724608.0,0.07583232116699218,0.07758837738037108,0.00411402542741136,1.0231570943148616,152.2137847077302,94066176.0,1240.44964669952,122.7085558150041,1.2164607172155848
NVIDIA A100-SXM4-80GB,cuBLAS,linear+bias+silu,1,256,5120,5120,256x5120x5120,float16,10,30,1000,13421772800.0,0.09502720260620118,0.09695181045532227,0.005115573310541213,1.0202532306154142,141.24137543668087,68167680.0,717.3491182571292,196.89349556857442,
NVIDIA A100-SXM4-80GB,Triton,linear+bias+silu,1,256,5120,5120,256x5120x5120,float16,10,30,1000,13421772800.0,0.09025996780395508,0.09196461791992187,0.004180705417632032,1.0188860040330316,148.70128060705864,57681920.0,639.0642651821603,232.68595774897923,1.0528167128599086
NVIDIA A100-SXM4-80GB,cuBLAS,linear+bias+silu,1,256,5120,5120,256x5120x5120,bfloat16,10,30,1000,13421772800.0,0.09365299224853516,0.09823590164184569,0.005679280031916543,1.048935002323775,143.3138704674963,68167680.0,727.8750882737143,196.89349556857442,
NVIDIA A100-SXM4-80GB,Triton,linear+bias+silu,1,256,5120,5120,256x5120x5120,bfloat16,10,30,1000,13421772800.0,0.08861695861816407,0.09064048767089843,0.0056517129667698895,1.0228345576770854,151.45828754778435,57681920.0,650.9128828099588,232.68595774897923,1.0568292312092376
NVIDIA A100-SXM4-80GB,cuBLAS,linear+bias+silu,1,128,8192,8192,128x8192x8192,float16,10,30,1000,17179869184.0,0.12799231719970705,0.12904858245849607,0.0023586796189850007,1.0082525676688932,134.22578448356526,146817024.0,1147.076849705914,117.01551166164491,
NVIDIA A100-SXM4-80GB,Triton,linear+bias+silu,1,128,8192,8192,128x8192x8192,float16,10,30,1000,17179869184.0,0.1368381423950195,0.13806325073242187,0.002291599081360898,1.0089529740462697,125.54883370460963,138428416.0,1011.6215667440862,124.10652148183217,0.9353555591994471
NVIDIA A100-SXM4-80GB,cuBLAS,linear+bias+silu,1,128,8192,8192,128x8192x8192,bfloat16,10,30,1000,17179869184.0,0.1265131492614746,0.12714332199096678,0.0017861076627115656,1.0049810848371954,135.79512710171355,146817024.0,1160.4882564148472,117.01551166164491,
NVIDIA A100-SXM4-80GB,Triton,linear+bias+silu,1,128,8192,8192,128x8192x8192,bfloat16,10,30,1000,17179869184.0,0.13430732727050781,0.134449658203125,0.0003792583170626112,1.0010597406374597,127.91460848147247,138428416.0,1030.6840200996025,124.10652148183217,0.9419675890553985
NVIDIA A100-SXM4-80GB,cuBLAS,linear+bias+silu,1,512,4096,4096,512x4096x4096,float16,10,30,1000,17179869184.0,0.11729714965820312,0.11756082992553711,0.00016241452290850344,1.0022479682422152,146.46450688751696,58728448.0,500.68094724493466,292.53061793834564,
NVIDIA A100-SXM4-80GB,Triton,linear+bias+silu,1,512,4096,4096,512x4096x4096,float16,10,30,1000,17179869184.0,0.13507942199707032,0.1354489791870117,0.00028214575345040767,1.002735851134671,127.18346680793917,41951232.0,310.56715656445334,409.52001562194886,0.8683569112454977
NVIDIA A100-SXM4-80GB,cuBLAS,linear+bias+silu,1,512,4096,4096,512x4096x4096,bfloat16,10,30,1000,17179869184.0,0.12237516784667968,0.12246753158569336,0.0003303731666014673,1.0007547588341565,140.38688964679633,58728448.0,479.9049434079566,292.53061793834564,
NVIDIA A100-SXM4-80GB,Triton,linear+bias+silu,1,512,4096,4096,512x4096x4096,bfloat16,10,30,1000,17179869184.0,0.13000191497802735,0.13031209411621095,0.0002650564368069776,1.0023859582240464,132.1508932149477,41951232.0,322.6970310944305,409.52001562194886,0.9413335785658486
NVIDIA A100-SXM4-80GB,cuBLAS,linear+bias+silu,1,128,16384,4096,128x16384x4096,float16,10,30,1000,17179869184.0,0.14508953094482424,0.14560993194580077,0.00146294215361299,1.0035867577597617,118.40874439475094,156270592.0,1077.0631828662247,109.93667435521074,
NVIDIA A100-SXM4-80GB,Triton,linear+bias+silu,1,128,16384,4096,128x16384x4096,float16,10,30,1000,17179869184.0,0.14906214141845703,0.14969487762451172,0.0005779001115397966,1.0042447814048132,115.25306842179022,139493376.0,935.8068700247974,123.159032182288,0.973349299588548
NVIDIA A100-SXM4-80GB,cuBLAS,linear+bias+silu,1,128,16384,4096,128x16384x4096,bfloat16,10,30,1000,17179869184.0,0.13827687072753908,0.14116761627197263,0.0052029111574749196,1.0209054885985198,124.2425366846147,156270592.0,1130.128207109313,109.93667435521074,
NVIDIA A100-SXM4-80GB,Triton,linear+bias+silu,1,128,16384,4096,128x16384x4096,bfloat16,10,30,1000,17179869184.0,0.14576025390625,0.1461084228515625,0.0002957936507055073,1.0023886411829142,117.86388074659736,139493376.0,957.0055777325915,123.159032182288,0.948659645011842
NVIDIA A100-SXM4-80GB,cuBLAS,linear+bias+silu,1,128,4096,16384,128x4096x16384,float16,10,30,1000,17179869184.0,0.13519564819335939,0.1371587600708008,0.004555138981887822,1.0145205256506018,127.07412859494579,143663104.0,1062.6311269615003,119.58442150880994,
NVIDIA A100-SXM4-80GB,Triton,linear+bias+silu,1,128,4096,16384,128x4096x16384,float16,10,30,1000,17179869184.0,0.1961492462158203,0.19671675262451171,0.0003374591812221053,1.0028932377750104,87.58570076327098,139468800.0,711.0340859864657,123.1807342143906,0.6892488796240669
NVIDIA A100-SXM4-80GB,cuBLAS,linear+bias+silu,1,128,4096,16384,128x4096x16384,bfloat16,10,30,1000,17179869184.0,0.11864064025878907,0.11942727966308594,0.0022983405453892705,1.0066304379560074,144.80593788541438,143663104.0,1210.9097159845883,119.58442150880994,
NVIDIA A100-SXM4-80GB,Triton,linear+bias+silu,1,128,4096,16384,128x4096x16384,bfloat16,10,30,1000,17179869184.0,0.19559731292724608,0.1975393325805664,0.0041830528656361474,1.0099286622308696,87.83284865672047,139468800.0,713.0404703048066,123.1807342143906,0.6065555731990979
NVIDIA A100-SXM4-80GB,cuBLAS,linear+bias+silu,1,128,13824,5120,128x13824x5120,float16,10,30,1000,18119393280.0,0.13699481201171876,0.13767710113525392,0.0008959657041773312,1.0049804011810082,132.26335372795023,160590848.0,1172.2403618194155,112.82955103394185,
NVIDIA A100-SXM4-80GB,Triton,linear+bias+silu,1,128,13824,5120,128x13824x5120,float16,10,30,1000,18119393280.0,0.10551346969604491,0.10579885787963868,0.00031624130172434005,1.0027047559369993,171.72587852713926,146435072.0,1387.8329697794877,123.73670482437431,1.298363255481626
NVIDIA A100-SXM4-80GB,cuBLAS,linear+bias+silu,1,128,13824,5120,128x13824x5120,bfloat16,10,30,1000,18119393280.0,0.13834700775146486,0.13945405578613282,0.0017752282457032757,1.0080019658730657,130.97061927461996,160590848.0,1160.7829515799529,112.82955103394185,
NVIDIA A100-SXM4-80GB,Triton,linear+bias+silu,1,128,13824,5120,128x13824x5120,bfloat16,10,30,1000,18119393280.0,0.10364672088623048,0.10469549865722656,0.00122856576350092,1.010118774255746,174.81877984243275,146435072.0,1412.828797167031,123.73670482437431,1.334793870645688
NVIDIA A100-SXM4-80GB,cuBLAS,linear+bias+silu,1,128,5120,13824,128x5120x13824,float16,10,30,1000,18119393280.0,0.1390448684692383,0.13983253021240233,0.002210991056900123,1.0056648026772617,130.31328289550402,151660544.0,1090.7309681374738,119.47335016812283,
NVIDIA A100-SXM4-80GB,Triton,linear+bias+silu,1,128,5120,13824,128x5120x13824,float16,10,30,1000,18119393280.0,0.1692600326538086,0.17119303283691406,0.00495463350836476,1.0114202990085621,107.05063088969153,146417664.0,865.0457033732906,123.75141622256724,0.8214867165577708
NVIDIA A100-SXM4-80GB,cuBLAS,linear+bias+silu,1,128,5120,13824,128x5120x13824,bfloat16,10,30,1000,18119393280.0,0.12451686477661134,0.12564019241333008,0.0033010486838658767,1.0090214898900165,145.51758360208456,151660544.0,1217.9919906599446,119.47335016812283,
NVIDIA A100-SXM4-80GB,Triton,linear+bias+silu,1,128,5120,13824,128x5120x13824,bfloat16,10,30,1000,18119393280.0,0.16753766632080078,0.16798463592529297,0.0008798372283933126,1.0026678753160876,108.15116193217723,146417664.0,873.9387817402194,123.75141622256724,0.7432171374417184
NVIDIA A100-SXM4-80GB,cuBLAS,linear+bias+silu,1,256,11008,4096,256x11008x4096,float16,10,30,1000,23085449216.0,0.1546414031982422,0.15694623413085937,0.005001302239595731,1.0149043586319666,149.2837541470421,120477184.0,779.0745654677909,191.61677298167925,
NVIDIA A100-SXM4-80GB,Triton,linear+bias+silu,1,256,11008,4096,256x11008x4096,float16,10,30,1000,23085449216.0,0.14942105102539063,0.1502872543334961,0.0006107626612699297,1.0057970634134963,154.49930955228768,97932800.0,655.415012328876,235.7274500065351,1.0349371935013663
NVIDIA A100-SXM4-80GB,cuBLAS,linear+bias+silu,1,256,11008,4096,256x11008x4096,bfloat16,10,30,1000,23085449216.0,0.14573311614990234,0.14868889160156248,0.007898645607975475,1.020282112465226,158.40908247823447,120477184.0,826.6973710771142,191.61677298167925,
NVIDIA A100-SXM4-80GB,Triton,linear+bias+silu,1,256,11008,4096,256x11008x4096,bfloat16,10,30,1000,23085449216.0,0.14601676177978515,0.14695260620117187,0.0029211479218118814,1.0064091574828793,158.1013640804901,97932800.0,670.69560238363,235.7274500065351,0.9980574447315125
NVIDIA A100-SXM4-80GB,cuBLAS,linear+bias+silu,1,256,4096,11008,256x4096x11008,float16,10,30,1000,23085449216.0,0.1380843505859375,0.14067569274902342,0.007231089128136237,1.018766371077461,167.18367518144393,106307584.0,769.8742366452232,217.15712414271403,
NVIDIA A100-SXM4-80GB,Triton,linear+bias+silu,1,256,4096,11008,256x4096x11008,float16,10,30,1000,23085449216.0,0.1788369903564453,0.18107104797363283,0.004226676238528358,1.0124921450128117,129.08654507094818,97918976.0,547.5320055701832,235.76072952396888,0.7721241020144517
NVIDIA A100-SXM4-80GB,cuBLAS,linear+bias+silu,1,256,4096,11008,256x4096x11008,bfloat16,10,30,1000,23085449216.0,0.1366614990234375,0.139389241027832,0.007741457314295806,1.0199598425590715,168.92430846262585,106307584.0,777.889784318612,217.15712414271403,
NVIDIA A100-SXM4-80GB,Triton,linear+bias+silu,1,256,4096,11008,256x4096x11008,bfloat16,10,30,1000,23085449216.0,0.17748326873779297,0.17938053436279297,0.004107171599721659,1.010689828052485,130.07112940941812,97918976.0,551.7082071812739,235.76072952396888,0.7699965185188019
NVIDIA A100-SXM4-80GB,cuBLAS,linear+bias+silu,1,128,5120,20480,128x5120x20480,float16,10,30,1000,26843545600.0,0.17982003021240234,0.18056099548339843,0.0013373689973811954,1.004120593629758,149.28006389662244,221521920.0,1231.909035597089,121.17783016687468,
NVIDIA A100-SXM4-80GB,Triton,linear+bias+silu,1,128,5120,20480,128x5120x20480,float16,10,30,1000,26843545600.0,0.25001983642578124,0.2510671844482422,0.0022907420488299615,1.0041890597059562,107.36566339594636,216279040.0,865.0475221961148,124.11533544813219,0.7192230535907185
NVIDIA A100-SXM4-80GB,cuBLAS,linear+bias+silu,1,128,5120,20480,128x5120x20480,bfloat16,10,30,1000,26843545600.0,0.17661952209472656,0.1781206039428711,0.004114078570908179,1.0084989577049102,151.98515589688307,221521920.0,1254.2323598927578,121.17783016687468,
NVIDIA A100-SXM4-80GB,Triton,linear+bias+silu,1,128,5120,20480,128x5120x20480,bfloat16,10,30,1000,26843545600.0,0.245697021484375,0.24596930847167967,0.0009322079270112488,1.0011082225810457,109.2546642927338,216279040.0,880.2672441584896,124.11533544813219,0.7188508880884362
NVIDIA A100-SXM4-80GB,cuBLAS,linear+bias+silu,1,512,5120,5120,512x5120x5120,float16,10,30,1000,26843545600.0,0.23507763671875,0.23814052276611328,0.003340587939440042,1.0130292531868004,114.19012873655853,83896320.0,356.88771237893064,319.96094226778956,
NVIDIA A100-SXM4-80GB,Triton,linear+bias+silu,1,512,5120,5120,512x5120x5120,float16,10,30,1000,26843545600.0,0.18162483215332031,0.1821846481323242,0.0009645242026265642,1.0030822656371752,147.7966712026457,62924800.0,346.4548280869514,426.5972335231896,1.2943033941543136
NVIDIA A100-SXM4-80GB,cuBLAS,linear+bias+silu,1,512,5120,5120,512x5120x5120,bfloat16,10,30,1000,26843545600.0,0.16769331359863282,0.1704531997680664,0.006473931093005505,1.0164579380668644,160.07522914270118,83896320.0,500.29615492483174,319.96094226778956,
NVIDIA A100-SXM4-80GB,Triton,linear+bias+silu,1,512,5120,5120,512x5120x5120,bfloat16,10,30,1000,26843545600.0,0.17940633392333985,0.18042112274169922,0.0006745411282493056,1.0056563711891744,149.62429147830545,62924800.0,350.7390102898357,426.5972335231896,0.9347123366908997
NVIDIA A100-SXM4-80GB,cuBLAS,linear+bias+silu,1,128,20480,5120,128x20480x5120,float16,10,30,1000,26843545600.0,0.1877263412475586,0.18937518157958982,0.0036268591560865977,1.0087832124201306,142.99296210434775,237281280.0,1263.9743491676124,113.12963921974797,
NVIDIA A100-SXM4-80GB,Triton,linear+bias+silu,1,128,20480,5120,128x20480x5120,float16,10,30,1000,26843545600.0,0.1993717727661133,0.2007276580810547,0.0008551216717970474,1.0068007887783192,134.64065262383286,216309760.0,1084.9567970374471,124.09770876727893,0.9415893666541444
NVIDIA A100-SXM4-80GB,cuBLAS,linear+bias+silu,1,128,20480,5120,128x20480x5120,bfloat16,10,30,1000,26843545600.0,0.18657331085205078,0.18826895904541013,0.004264777716506071,1.0090883748892894,143.87666423139393,237281280.0,1271.7857603339617,113.12963921974797,
NVIDIA A100-SXM4-80GB,Triton,linear+bias+silu,1,128,20480,5120,128x20480x5120,bfloat16,10,30,1000,26843545600.0,0.19535411071777345,0.19616941833496093,0.0009559493496201887,1.0041734858518814,137.40967876934343,216309760.0,1107.270070771641,124.09770876727893,0.9550518807438446
NVIDIA A100-SXM4-80GB,cuBLAS,linear+bias+silu,1,256,16384,4096,256x16384x4096,float16,10,30,1000,34359738368.0,0.2238402557373047,0.22563122558593748,0.003843301115514417,1.008001107051694,153.50115757696432,178290688.0,796.5085967791202,192.7175151626539,
NVIDIA A100-SXM4-80GB,Triton,linear+bias+silu,1,256,16384,4096,256x16384x4096,float16,10,30,1000,34359738368.0,0.22343321228027344,0.22395268707275393,0.0006645854806529801,1.002324966763799,153.7808010605842,144736256.0,647.7830870481492,237.39551731944758,1.0018217679138977
NVIDIA A100-SXM4-80GB,cuBLAS,linear+bias+silu,1,256,16384,4096,256x16384x4096,bfloat16,10,30,1000,34359738368.0,0.26222283935546875,0.26507846984863276,0.007786979197211574,1.0108900906579419,131.03259217410124,178290688.0,679.9205150788163,192.7175151626539,
NVIDIA A100-SXM4-80GB,Triton,linear+bias+silu,1,256,16384,4096,256x16384x4096,bfloat16,10,30,1000,34359738368.0,0.2149493713378906,0.21569700164794922,0.0003805650406800417,1.0034781693261312,159.85037850605323,144736256.0,673.3504503834124,237.39551731944758,1.2199283846393132
NVIDIA A100-SXM4-80GB,cuBLAS,linear+bias+silu,1,1024,4096,4096,1024x4096x4096,float16,10,30,1000,34359738368.0,0.2514995193481445,0.25453424530029295,0.007312859206840729,1.0120665278407452,136.61949914280618,83894272.0,333.5762717059799,409.56000390586854,
NVIDIA A100-SXM4-80GB,Triton,linear+bias+silu,1,1024,4096,4096,1024x4096x4096,float16,10,30,1000,34359738368.0,0.2248862762451172,0.22521825408935547,0.0008440817036781135,1.0014762032160487,152.7871728844371,50339840.0,223.8457625806012,682.5555736371033,1.1183408945507192
NVIDIA A100-SXM4-80GB,cuBLAS,linear+bias+silu,1,1024,4096,4096,1024x4096x4096,bfloat16,10,30,1000,34359738368.0,0.25670196533203127,0.25933546142578123,0.006671612211781544,1.010258963504014,133.85070240330018,83894272.0,326.81585390858584,409.56000390586854,
NVIDIA A100-SXM4-80GB,Triton,linear+bias+silu,1,1024,4096,4096,1024x4096x4096,bfloat16,10,30,1000,34359738368.0,0.22010982513427735,0.22087752380371092,0.0008452025443960547,1.0034877982796326,156.10270167194463,50339840.0,228.7032846865892,682.5555736371033,1.1662449196687654
NVIDIA A100-SXM4-80GB,cuBLAS,linear+bias+silu,1,256,4096,16384,256x4096x16384,float16,10,30,1000,34359738368.0,0.18755379486083984,0.18903419189453124,0.002031064968731899,1.0078931862444576,183.19937697605135,153100288.0,816.3006678355749,224.4263470490663,
NVIDIA A100-SXM4-80GB,Triton,linear+bias+silu,1,256,4096,16384,256x4096x16384,float16,10,30,1000,34359738368.0,0.26134783935546874,0.2616200256347656,0.0003976473258133373,1.0010414713202456,131.47129301982125,144711680.0,553.7129381168228,237.43583356920465,0.7176405028768617
NVIDIA A100-SXM4-80GB,cuBLAS,linear+bias+silu,1,256,4096,16384,256x4096x16384,bfloat16,10,30,1000,34359738368.0,0.1836615676879883,0.1866645538330078,0.00879509651873737,1.0163506507258018,187.08180922408172,153100288.0,833.6000281784209,224.4263470490663,
NVIDIA A100-SXM4-80GB,Triton,linear+bias+silu,1,256,4096,16384,256x4096x16384,bfloat16,10,30,1000,34359738368.0,0.259758071899414,0.26116536560058595,0.0034722675054539424,1.0054177092202812,132.27592165569007,144711680.0,557.101763736669,237.43583356920465,0.7070485484628461
NVIDIA A100-SXM4-80GB,cuBLAS,linear+bias+silu,1,256,8192,8192,256x8192x8192,float16,10,30,1000,34359738368.0,0.20098098754882812,0.20379996643066406,0.007373810262149506,1.0140260972752513,170.9601429819442,159399936.0,793.1095271450686,215.55678898139584,
NVIDIA A100-SXM4-80GB,Triton,linear+bias+silu,1,256,8192,8192,256x8192x8192,float16,10,30,1000,34359738368.0,0.26810675048828125,0.2698672180175781,0.0011242988958010927,1.00656629318766,128.1569311679895,142622720.0,531.9624356352562,240.91349798966112,0.7496304631748273
NVIDIA A100-SXM4-80GB,cuBLAS,linear+bias+silu,1,256,8192,8192,256x8192x8192,bfloat16,10,30,1000,34359738368.0,0.19881062316894532,0.20249630432128904,0.007683352603264423,1.0185386529834057,172.8264708410565,159399936.0,801.7676996291345,215.55678898139584,
NVIDIA A100-SXM4-80GB,Triton,linear+bias+silu,1,256,8192,8192,256x8192x8192,bfloat16,10,30,1000,34359738368.0,0.26254797363281246,0.2644284454345703,0.0013130178987671203,1.0071623931266283,130.8703239738348,142622720.0,543.2253695450935,240.91349798966112,0.7572354127059184
NVIDIA A100-SXM4-80GB,cuBLAS,linear+bias+silu,1,256,5120,13824,256x5120x13824,float16,10,30,1000,36238786560.0,0.20364492797851563,0.20613284149169922,0.004338552595466246,1.0122169186234093,177.9508427719013,161753088.0,794.2897945244421,224.037679948342,
NVIDIA A100-SXM4-80GB,Triton,linear+bias+silu,1,256,5120,13824,256x5120x13824,float16,10,30,1000,36238786560.0,0.23247462463378907,0.2335321075439453,0.0008919937990304688,1.0045488100553859,155.88276190180312,151267328.0,650.6831798880729,239.56783688279336,0.8759877698450398
NVIDIA A100-SXM4-80GB,cuBLAS,linear+bias+silu,1,256,5120,13824,256x5120x13824,bfloat16,10,30,1000,36238786560.0,0.21858866882324218,0.22186178283691405,0.009355348219412548,1.0149738503431696,165.78529324090374,161753088.0,739.9884397978503,224.037679948342,
NVIDIA A100-SXM4-80GB,Triton,linear+bias+silu,1,256,5120,13824,256x5120x13824,bfloat16,10,30,1000,36238786560.0,0.22760192108154298,0.22884700012207032,0.001613981517286875,1.0054704241274013,159.22003816047197,151267328.0,664.6135818238786,239.56783688279336,0.9603990501685106
NVIDIA A100-SXM4-80GB,cuBLAS,linear+bias+silu,1,256,13824,5120,256x13824x5120,float16,10,30,1000,36238786560.0,0.19303577423095702,0.19541862030029297,0.001834188589064498,1.012344064610972,187.73093590746666,179596288.0,930.3782613119297,201.77915124838214,
NVIDIA A100-SXM4-80GB,Triton,linear+bias+silu,1,256,13824,5120,256x13824x5120,float16,10,30,1000,36238786560.0,0.19675135803222654,0.19748833618164063,0.0010296723379613765,1.0037457334820195,184.185699770694,151284736.0,768.9133000811136,239.54027034161595,0.9811153333911884
NVIDIA A100-SXM4-80GB,cuBLAS,linear+bias+silu,1,256,13824,5120,256x13824x5120,bfloat16,10,30,1000,36238786560.0,0.18980147552490234,0.1916575698852539,0.0025293555400186735,1.0097791355689858,190.9299517286703,179596288.0,946.2323066947738,201.77915124838214,
NVIDIA A100-SXM4-80GB,Triton,linear+bias+silu,1,256,13824,5120,256x13824x5120,bfloat16,10,30,1000,36238786560.0,0.1932968978881836,0.19407256927490232,0.0009581460406605482,1.0040128496380083,187.47733127596823,151284736.0,782.6547536604215,239.54027034161595,0.9819168212140514
NVIDIA A100-SXM4-80GB,cuBLAS,linear+bias+silu,1,512,4096,11008,512x4096x11008,float16,10,30,1000,46170898432.0,0.24347801971435548,0.2462903350830078,0.0033662552918173458,1.0115505924187804,189.630663524235,122429440.0,502.83569803809087,377.1225158916025,
NVIDIA A100-SXM4-80GB,Triton,linear+bias+silu,1,512,4096,11008,512x4096x11008,float16,10,30,1000,46170898432.0,0.33763739013671873,0.3380962371826172,0.0008575920110274152,1.0013589935809915,136.7469947961158,105652224.0,312.9162441316659,437.00829650306275,0.7211227986798633
NVIDIA A100-SXM4-80GB,cuBLAS,linear+bias+silu,1,512,4096,11008,512x4096x11008,bfloat16,10,30,1000,46170898432.0,0.24579328155517577,0.24921507873535154,0.007881097957665787,1.0139214430863426,187.84442821166184,122429440.0,498.0992125796448,377.1225158916025,
NVIDIA A100-SXM4-80GB,Triton,linear+bias+silu,1,512,4096,11008,512x4096x11008,bfloat16,10,30,1000,46170898432.0,0.32838604736328125,0.3294165008544922,0.0013831404387401251,1.0031379332328056,140.59945239062745,105652224.0,321.7317692037045,437.00829650306275,0.7484888092193023
NVIDIA A100-SXM4-80GB,cuBLAS,linear+bias+silu,1,512,11008,4096,512x11008x4096,float16,10,30,1000,46170898432.0,0.28769381713867187,0.29136856079101564,0.003406659616379172,1.01277310610597,160.48623808187395,150754816.0,524.011316959705,306.2648322425733,
NVIDIA A100-SXM4-80GB,Triton,linear+bias+silu,1,512,11008,4096,512x11008x4096,float16,10,30,1000,46170898432.0,0.2896522216796875,0.29038950805664066,0.0006042266364880152,1.0025454193745784,159.4011541297901,105666048.0,364.8031676996802,436.9511239031103,0.9932387725885239
NVIDIA A100-SXM4-80GB,cuBLAS,linear+bias+silu,1,512,11008,4096,512x11008x4096,bfloat16,10,30,1000,46170898432.0,0.27791258239746097,0.2814503936767578,0.00644567626161109,1.0127299428071133,166.1346097888003,150754816.0,542.4540864594453,306.2648322425733,
NVIDIA A100-SXM4-80GB,Triton,linear+bias+silu,1,512,11008,4096,512x11008x4096,bfloat16,10,30,1000,46170898432.0,0.2831011810302735,0.28389776000976563,0.000576703438833424,1.00281376070772,163.0897414979795,105666048.0,373.2448152122,436.9511239031103,0.9816722819243284
NVIDIA A100-SXM4-80GB,cuBLAS,linear+bias+silu,1,256,5120,20480,256x5120x20480,float16,10,30,400,53687091200.0,0.2735654354095459,0.2774581756591797,0.008007062471938053,1.014229649457747,196.2495412464181,233318400.0,852.8796763037941,230.1022602589423,
NVIDIA A100-SXM4-80GB,Triton,linear+bias+silu,1,256,5120,20480,256x5120x20480,float16,10,30,400,53687091200.0,0.3441433525085449,0.34637055587768556,0.0014806671809316845,1.0064717314831335,156.00211600387362,222832640.0,647.4994747849072,240.93010431505905,0.7949170989805867
NVIDIA A100-SXM4-80GB,cuBLAS,linear+bias+silu,1,256,5120,20480,256x5120x20480,bfloat16,10,30,400,53687091200.0,0.2662515163421631,0.270844934463501,0.010547418616691498,1.0172521763798514,201.64050870983985,233318400.0,876.3082487018014,230.1022602589423,
NVIDIA A100-SXM4-80GB,Triton,linear+bias+silu,1,256,5120,20480,256x5120x20480,bfloat16,10,30,400,53687091200.0,0.3374067115783691,0.338957820892334,0.0012238081015443457,1.0045971501476925,159.1168443237388,222832640.0,660.427408090378,240.93010431505905,0.7891115001733483
NVIDIA A100-SXM4-80GB,cuBLAS,linear+bias+silu,1,1024,5120,5120,1024x5120x5120,float16,10,30,400,53687091200.0,0.29271936416625977,0.2965253047943115,0.008331463438823284,1.0130020118036673,183.40806168705197,115353600.0,394.07573984234625,465.4132268086995,
NVIDIA A100-SXM4-80GB,Triton,linear+bias+silu,1,1024,5120,5120,1024x5120x5120,float16,10,30,400,53687091200.0,0.2858483123779297,0.2903390693664551,0.006684914795583898,1.0157102798724522,187.81671563279508,73410560.0,256.8164890997902,731.3265448458642,1.0240374054727517
NVIDIA A100-SXM4-80GB,cuBLAS,linear+bias+silu,1,1024,5120,5120,1024x5120x5120,bfloat16,10,30,400,53687091200.0,0.3246745681762695,0.3303672180175781,0.004398085824796348,1.0175334023643576,165.35662617976493,115353600.0,355.2899158315758,465.4132268086995,
NVIDIA A100-SXM4-80GB,Triton,linear+bias+silu,1,1024,5120,5120,1024x5120x5120,bfloat16,10,30,400,53687091200.0,0.27244416236877445,0.2728084411621094,0.0004952917699902468,1.0013370768900596,197.05722718819106,73410560.0,269.4517634796413,731.3265448458642,1.1917104971285717
NVIDIA A100-SXM4-80GB,cuBLAS,linear+bias+silu,1,256,20480,5120,256x20480x5120,float16,10,30,400,53687091200.0,0.3068838405609131,0.30977663612365725,0.006692651999882371,1.0094263534940673,174.9427115545489,264806400.0,862.8880540467519,202.74091260634185,
NVIDIA A100-SXM4-80GB,Triton,linear+bias+silu,1,256,20480,5120,256x20480x5120,float16,10,30,400,53687091200.0,0.29308671951293946,0.2978767395019531,0.007856492800507039,1.0163433539294235,183.17817773940374,222863360.0,760.400745452954,240.8968939533174,1.047075217433605
NVIDIA A100-SXM4-80GB,cuBLAS,linear+bias+silu,1,256,20480,5120,256x20480x5120,bfloat16,10,30,400,53687091200.0,0.3364031982421875,0.3405813827514648,0.01143089150415886,1.012420168806687,159.5915005580563,264806400.0,787.1696862089799,202.74091260634185,
NVIDIA A100-SXM4-80GB,Triton,linear+bias+silu,1,256,20480,5120,256x20480x5120,bfloat16,10,30,400,53687091200.0,0.28300031661987307,0.2835630016326904,0.0013407282251940225,1.0019882840398837,189.7068237987616,222863360.0,787.5021578133101,240.8968939533174,1.188702550796243
NVIDIA A100-SXM4-80GB,cuBLAS,linear+bias+silu,1,128,8192,28672,128x8192x28672,float16,10,30,400,60129542144.0,0.33296768188476566,0.3338775138854981,0.0018450873635308758,1.002732493422732,180.58672182127813,487604224.0,1464.4190728659107,123.31628641510702,
NVIDIA A100-SXM4-80GB,Triton,linear+bias+silu,1,128,8192,28672,128x8192x28672,float16,10,30,400,60129542144.0,0.47098752975463865,0.4783219108581543,0.009430510098686394,1.0155723466974518,127.66695155458687,479215616.0,1017.4698600823842,125.47492221956306,0.7069564709244541
NVIDIA A100-SXM4-80GB,cuBLAS,linear+bias+silu,1,128,8192,28672,128x8192x28672,bfloat16,10,30,400,60129542144.0,0.33212926864624026,0.33243930053710935,0.00022456569094936215,1.0009334675385062,181.04258739101243,487604224.0,1468.1157911420335,123.31628641510702,
NVIDIA A100-SXM4-80GB,Triton,linear+bias+silu,1,128,8192,28672,128x8192x28672,bfloat16,10,30,400,60129542144.0,0.46086273193359373,0.4676408233642578,0.008653180030944646,1.014707397585016,130.47169575140248,479215616.0,1039.8228860671918,125.47492221956306,0.720668532369194
NVIDIA A100-SXM4-80GB,cuBLAS,linear+bias+silu,1,128,28672,8192,128x28672x8192,float16,10,30,400,60129542144.0,0.44895872116088864,0.4497517967224121,0.0005462886608636937,1.0017664776830102,133.93111506670564,508616704.0,1132.880775062909,118.22172113324851,
NVIDIA A100-SXM4-80GB,Triton,linear+bias+silu,1,128,28672,8192,128x28672x8192,float16,10,30,400,60129542144.0,0.4240806388854981,0.42712729263305665,0.0026395895406798628,1.0071841377988047,141.78799178859705,479256576.0,1130.1071825856202,125.46419841717518,1.058663565355804
NVIDIA A100-SXM4-80GB,cuBLAS,linear+bias+silu,1,128,28672,8192,128x28672x8192,bfloat16,10,30,400,60129542144.0,0.5231500816345215,0.5253324661254883,0.005587990419866554,1.0041716221932877,114.93746107452043,508616704.0,972.2194870177336,118.22172113324851,
NVIDIA A100-SXM4-80GB,Triton,linear+bias+silu,1,128,28672,8192,128x28672x8192,bfloat16,10,30,400,60129542144.0,0.4124710464477539,0.41393127822875975,0.002437711254199535,1.0035402043212038,145.77881929372316,479256576.0,1161.915678997133,125.46419841717518,1.2683316468875758
NVIDIA A100-SXM4-80GB,cuBLAS,linear+bias+silu,1,512,16384,4096,512x16384x4096,float16,10,30,400,68719476736.0,0.38669055938720703,0.39137815856933594,0.00915549116676123,1.0121223522745355,177.7118035798457,222330880.0,574.9581276365534,309.0865143699337,
NVIDIA A100-SXM4-80GB,Triton,linear+bias+silu,1,512,16384,4096,512x16384x4096,float16,10,30,400,68719476736.0,0.3855846405029297,0.3891816825866699,0.0064507179656845305,1.0093288002318985,178.22150967000943,155222016.0,402.5627571615385,442.71733164450075,1.002868161145721
NVIDIA A100-SXM4-80GB,cuBLAS,linear+bias+silu,1,512,16384,4096,512x16384x4096,bfloat16,10,30,400,68719476736.0,0.41597440719604495,0.4220815505981445,0.017363502096286756,1.0146815364033233,165.20121321697837,222330880.0,534.4821127305976,309.0865143699337,
NVIDIA A100-SXM4-80GB,Triton,linear+bias+silu,1,512,16384,4096,512x16384x4096,bfloat16,10,30,400,68719476736.0,0.36880767822265625,0.3695626220703125,0.0016668376430753519,1.0020469851693283,186.32875830343406,155222016.0,420.8752289215884,442.71733164450075,1.1278897695424692
NVIDIA A100-SXM4-80GB,cuBLAS,linear+bias+silu,1,2048,4096,4096,2048x4096x4096,float16,10,30,400,68719476736.0,0.37978366851806644,0.38457677078247066,0.010983262705288002,1.0126206118422816,180.94373832383735,134225920.0,353.4273090882391,511.9687519072322,
NVIDIA A100-SXM4-80GB,Triton,linear+bias+silu,1,2048,4096,4096,2048x4096x4096,float16,10,30,400,68719476736.0,0.37950464248657223,0.38491315078735355,0.0028707387680911895,1.0142514944358623,181.07677493940398,67117056.0,176.85437406045634,1023.8750152569266,1.0007352374655183
NVIDIA A100-SXM4-80GB,cuBLAS,linear+bias+silu,1,2048,4096,4096,2048x4096x4096,bfloat16,10,30,400,68719476736.0,0.4128473663330078,0.42092774200439453,0.02149227451179244,1.0195723076621712,166.45250119040367,134225920.0,325.122384071918,511.9687519072322,
NVIDIA A100-SXM4-80GB,Triton,linear+bias+silu,1,2048,4096,4096,2048x4096x4096,bfloat16,10,30,400,68719476736.0,0.3641369438171387,0.3660654220581055,0.001235834700738168,1.005296024678933,188.71877161277368,67117056.0,184.31817243378813,1023.8750152569266,1.1337695154060785
NVIDIA A100-SXM4-80GB,cuBLAS,linear+bias+silu,1,128,8192,32768,128x8192x32768,float16,10,30,400,68719476736.0,0.37380094528198243,0.37516491699218746,0.0014919488529246848,1.0036489252566658,183.8397617859431,555761664.0,1486.785068402523,123.64918487072904,
NVIDIA A100-SXM4-80GB,Triton,linear+bias+silu,1,128,8192,32768,128x8192x32768,float16,10,30,400,68719476736.0,0.535601921081543,0.5392911224365234,0.004441577418083339,1.0068879539258015,128.3032678397316,547373056.0,1021.9773948806744,125.54413481397228,0.697908148886331
NVIDIA A100-SXM4-80GB,cuBLAS,linear+bias+silu,1,128,8192,32768,128x8192x32768,bfloat16,10,30,400,68719476736.0,0.37222784042358403,0.37505713653564454,0.0019362362811047949,1.0076009793056877,184.61670319393443,555761664.0,1493.0685017207738,123.64918487072904,
NVIDIA A100-SXM4-80GB,Triton,linear+bias+silu,1,128,8192,32768,128x8192x32768,bfloat16,10,30,400,68719476736.0,0.5233152008056641,0.5291492004394531,0.004013964864851763,1.0111481562637725,131.31565188667116,547373056.0,1045.972016783189,125.54413481397228,0.711288034153269
NVIDIA A100-SXM4-80GB,cuBLAS,linear+bias+silu,1,128,32768,8192,128x32768x8192,float16,10,30,400,68719476736.0,0.47028350830078125,0.4725749626159668,0.004818590438481468,1.0048724955792412,146.12350959168396,580976640.0,1235.3753209402832,118.28268471517202,
NVIDIA A100-SXM4-80GB,Triton,linear+bias+silu,1,128,32768,8192,128x32768x8192,float16,10,30,400,68719476736.0,0.44060672760009767,0.445635066986084,0.0028551526584505017,1.0114123073276133,155.96556391751466,547422208.0,1242.4281648664473,125.53286244463067,1.0673543521732576
NVIDIA A100-SXM4-80GB,cuBLAS,linear+bias+silu,1,128,32768,8192,128x32768x8192,bfloat16,10,30,400,68719476736.0,0.5316070365905762,0.537922046661377,0.0100839301906915,1.0118790942108322,129.2674325319835,580976640.0,1092.8686040840473,118.28268471517202,
NVIDIA A100-SXM4-80GB,Triton,linear+bias+silu,1,128,32768,8192,128x32768x8192,bfloat16,10,30,400,68719476736.0,0.4280294418334961,0.42890034103393554,0.0021982390021018008,1.0020346712523065,160.54848106157132,547422208.0,1278.9358733246852,125.53286244463067,1.2419870799387016
NVIDIA A100-SXM4-80GB,cuBLAS,linear+bias+silu,1,512,4096,16384,512x4096x16384,float16,10,30,400,68719476736.0,0.33822206497192386,0.3408570861816406,0.005200193285321372,1.007790802205455,203.17857364422534,171974656.0,508.4666963235405,399.5907207164293,
NVIDIA A100-SXM4-80GB,Triton,linear+bias+silu,1,512,4096,16384,512x4096x16384,float16,10,30,400,68719476736.0,0.5087500762939453,0.5103490715026856,0.0032068729109347312,1.0031429876539546,135.07511829107875,155197440.0,305.0563473730668,442.7874373185537,0.6648098560215372
NVIDIA A100-SXM4-80GB,cuBLAS,linear+bias+silu,1,512,4096,16384,512x4096x16384,bfloat16,10,30,400,68719476736.0,0.33862527847290036,0.34441394424438476,0.013051370825796313,1.0170946061605015,202.9366414873233,171974656.0,507.861246436045,399.5907207164293,
NVIDIA A100-SXM4-80GB,Triton,linear+bias+silu,1,512,4096,16384,512x4096x16384,bfloat16,10,30,400,68719476736.0,0.48688512802124023,0.4952977981567383,0.007492361940872968,1.0172785522730756,141.1410469966175,155197440.0,318.7557620228432,442.7874373185537,0.6954931645768566
NVIDIA A100-SXM4-80GB,cuBLAS,linear+bias+silu,1,512,8192,8192,512x8192x8192,float16,10,30,400,68719476736.0,0.45037952423095706,0.45606476593017575,0.012939787787782658,1.0126232241772681,152.58126322092804,184565760.0,409.80051283449035,372.3305814469596,
NVIDIA A100-SXM4-80GB,Triton,linear+bias+silu,1,512,8192,8192,512x8192x8192,float16,10,30,400,68719476736.0,0.4163443183898926,0.4171455993652344,0.0010560487290159517,1.001924563251975,165.05443619779746,151011328.0,362.70779095532873,455.061733752848,1.0817477369997195
NVIDIA A100-SXM4-80GB,cuBLAS,linear+bias+silu,1,512,8192,8192,512x8192x8192,bfloat16,10,30,400,68719476736.0,0.3821926498413086,0.3850186157226562,0.005555143581040951,1.0073940874648453,179.80323997474372,184565760.0,482.9128976620407,372.3305814469596,
NVIDIA A100-SXM4-80GB,Triton,linear+bias+silu,1,512,8192,8192,512x8192x8192,bfloat16,10,30,400,68719476736.0,0.4089023971557617,0.40996709823608396,0.0015341727665257828,1.0026038024910788,168.058385604971,151011328.0,369.30898192429964,455.061733752848,0.9346794063809837
NVIDIA A100-SXM4-80GB,cuBLAS,linear+bias+silu,1,512,5120,13824,512x5120x13824,float16,10,30,400,72477573120.0,0.35236352920532227,0.3567311248779297,0.0038552401988978667,1.012395141127283,205.68976954980863,181938176.0,516.3365698212899,398.36374483604806,
NVIDIA A100-SXM4-80GB,Triton,linear+bias+silu,1,512,5120,13824,512x5120x13824,float16,10,30,400,72477573120.0,0.4839961624145508,0.4849853553771973,0.001827920741054968,1.002043803318009,149.7482392389751,160966656.0,332.57837251637,450.26451391274475,0.7280295931427593
NVIDIA A100-SXM4-80GB,cuBLAS,linear+bias+silu,1,512,5120,13824,512x5120x13824,bfloat16,10,30,400,72477573120.0,0.3436659049987793,0.34574591827392576,0.00369249626589587,1.0060524283756163,210.8954425381751,181938176.0,529.4042072653272,398.36374483604806,
NVIDIA A100-SXM4-80GB,Triton,linear+bias+silu,1,512,5120,13824,512x5120x13824,bfloat16,10,30,400,72477573120.0,0.4718604850769043,0.4804551734924316,0.004457587403447505,1.018214469503897,153.59958168183448,160966656.0,341.13188345018017,450.26451391274475,0.7283210098484264
NVIDIA A100-SXM4-80GB,cuBLAS,linear+bias+silu,1,512,13824,5120,512x13824x5120,float16,10,30,400,72477573120.0,0.3666227149963379,0.3701396331787109,0.01031842630098339,1.009592744907822,197.6898052285821,217607168.0,593.5452417403368,333.06611076341017,
NVIDIA A100-SXM4-80GB,Triton,linear+bias+silu,1,512,13824,5120,512x13824x5120,float16,10,30,400,72477573120.0,0.3806169509887695,0.3832476272583008,0.0037633212331890345,1.0069116109061809,190.4212960870955,160984064.0,422.95558193557696,450.2158245924267,0.9632327568278889
NVIDIA A100-SXM4-80GB,cuBLAS,linear+bias+silu,1,512,13824,5120,512x13824x5120,bfloat16,10,30,400,72477573120.0,0.3575116729736328,0.36402100372314455,0.012969667743682462,1.0182073236808462,202.7278508619364,217607168.0,608.6715048771259,333.06611076341017,
NVIDIA A100-SXM4-80GB,Triton,linear+bias+silu,1,512,13824,5120,512x13824x5120,bfloat16,10,30,400,72477573120.0,0.37272832870483397,0.3771906661987305,0.007299816605056906,1.0119720910653676,194.4514745413823,160984064.0,431.90724074929204,450.2158245924267,0.9591749417489237
NVIDIA A100-SXM4-80GB,cuBLAS,linear+bias+silu,1,1024,11008,4096,1024x11008x4096,float16,10,30,400,92341796864.0,0.558995189666748,0.5638720130920409,0.0031928475799632623,1.0087242672485255,165.1924713682254,211310080.0,378.0177073186894,436.996649019299,
NVIDIA A100-SXM4-80GB,Triton,linear+bias+silu,1,1024,11008,4096,1024x11008x4096,float16,10,30,400,92341796864.0,0.5145817565917968,0.516475383758545,0.0030478780807821275,1.0036799345147602,179.45019558330773,121132544.0,235.39999708169017,762.320296550529,1.086309770033653
NVIDIA A100-SXM4-80GB,cuBLAS,linear+bias+silu,1,1024,11008,4096,1024x11008x4096,bfloat16,10,30,400,92341796864.0,0.5535244750976562,0.5550622596740723,0.0018724549671154437,1.0027781690703825,166.82513785448873,211310080.0,381.7538148836497,436.996649019299,
NVIDIA A100-SXM4-80GB,Triton,linear+bias+silu,1,1024,11008,4096,1024x11008x4096,bfloat16,10,30,400,92341796864.0,0.5018739318847656,0.5034562492370606,0.0021947016786993154,1.003152818370846,183.99400924693265,121132544.0,241.36050172020694,762.320296550529,1.102915373625642
NVIDIA A100-SXM4-80GB,cuBLAS,linear+bias+silu,1,1024,4096,11008,1024x4096x11008,float16,10,30,400,92341796864.0,0.44845439910888674,0.4536437606811523,0.008476621636403354,1.0115716594208402,205.91122987641606,154673152.0,344.90274219039304,597.0124463746623,
NVIDIA A100-SXM4-80GB,Triton,linear+bias+silu,1,1024,4096,11008,1024x4096x11008,float16,10,30,400,92341796864.0,0.5588467216491699,0.5591795043945312,0.0014172736547784425,1.000595481251781,165.23635781828904,121118720.0,216.72976740845104,762.4073047007101,0.8024640419925649
NVIDIA A100-SXM4-80GB,cuBLAS,linear+bias+silu,1,1024,4096,11008,1024x4096x11008,bfloat16,10,30,400,92341796864.0,0.45726718902587893,0.45994804763793945,0.0033013453482986198,1.0058627836774634,201.94275705789585,154673152.0,338.2555226179727,597.0124463746623,
NVIDIA A100-SXM4-80GB,Triton,linear+bias+silu,1,1024,4096,11008,1024x4096x11008,bfloat16,10,30,400,92341796864.0,0.5413529586791992,0.5425277442932129,0.0013449127099706875,1.0021700917953418,170.57595305158554,121118720.0,223.73336666618985,762.4073047007101,0.8446747758459214
NVIDIA A100-SXM4-80GB,cuBLAS,linear+bias+silu,1,512,5120,20480,512x5120x20480,float16,10,30,400,107374182400.0,0.4836812782287597,0.48759835052490236,0.009905884780367098,1.0080984575431304,221.9936706940656,256911360.0,531.1583713572895,417.94252461237994,
NVIDIA A100-SXM4-80GB,Triton,linear+bias+silu,1,512,5120,20480,512x5120x20480,float16,10,30,400,107374182400.0,0.6729523468017578,0.676123908996582,0.0022267601866434636,1.004712907548205,159.55688825561214,235939840.0,350.6040823266562,455.09135888199296,0.7187452135763862
NVIDIA A100-SXM4-80GB,cuBLAS,linear+bias+silu,1,512,5120,20480,512x5120x20480,bfloat16,10,30,400,107374182400.0,0.47189247131347656,0.47402828979492184,0.0020791299541688094,1.0045260702623637,227.53951149322683,256911360.0,544.4277576306885,417.94252461237994,
NVIDIA A100-SXM4-80GB,Triton,linear+bias+silu,1,512,5120,20480,512x5120x20480,bfloat16,10,30,400,107374182400.0,0.6608127975463867,0.662614761352539,0.0015135176437559759,1.0027268899949322,162.48804926097503,235939840.0,357.04490118237743,455.09135888199296,0.7141091593044571
NVIDIA A100-SXM4-80GB,cuBLAS,linear+bias+silu,1,2048,5120,5120,2048x5120x5120,float16,10,30,400,107374182400.0,0.5823295974731446,0.5847162780761719,0.0018389852055450294,1.0040985047186055,184.38730036378027,178268160.0,306.1293136628199,602.318341087943,
NVIDIA A100-SXM4-80GB,Triton,linear+bias+silu,1,2048,5120,5120,2048x5120x5120,float16,10,30,400,107374182400.0,0.5580031967163086,0.5608911399841309,0.002473541683466565,1.0051754959197672,192.42574779475598,94382080.0,169.14254354708345,1137.65433438212,1.0435954505278644
NVIDIA A100-SXM4-80GB,cuBLAS,linear+bias+silu,1,2048,5120,5120,2048x5120x5120,bfloat16,10,30,400,107374182400.0,0.5325926399230957,0.5408399467468261,0.01608413505042961,1.01548520615103,201.60658325189104,178268160.0,334.7176559288188,602.318341087943,
NVIDIA A100-SXM4-80GB,Triton,linear+bias+silu,1,2048,5120,5120,2048x5120x5120,bfloat16,10,30,400,107374182400.0,0.5460313606262207,0.5486369171142578,0.0026903817743291966,1.004771807401408,196.64471703027644,94382080.0,172.85102432900027,1137.65433438212,0.9753883720383519
NVIDIA A100-SXM4-80GB,cuBLAS,linear+bias+silu,1,512,20480,5120,512x20480x5120,float16,10,30,400,107374182400.0,0.5512038421630859,0.5538150329589844,0.00392779271397211,1.0047372507159082,194.7994084704347,319856640.0,580.2873919470309,335.6947112306313,
NVIDIA A100-SXM4-80GB,Triton,linear+bias+silu,1,512,20480,5120,512x20480x5120,float16,10,30,400,107374182400.0,0.5646080017089844,0.5668206176757813,0.0017519881239885598,1.0039188533639263,190.17474438016168,235970560.0,417.93697447742903,455.03211248047216,0.9762593524970846
NVIDIA A100-SXM4-80GB,cuBLAS,linear+bias+silu,1,512,20480,5120,512x20480x5120,bfloat16,10,30,400,107374182400.0,0.5420889663696289,0.5483922004699706,0.014256810163321575,1.0116276745910446,198.07483468827112,319856640.0,590.044549591335,335.6947112306313,
NVIDIA A100-SXM4-80GB,Triton,linear+bias+silu,1,512,20480,5120,512x20480x5120,bfloat16,10,30,400,107374182400.0,0.5534720039367675,0.5557130165100098,0.0017774096475763053,1.0040490080027575,194.00110870335396,235970560.0,426.3459729156579,455.03211248047216,0.9794333995465485
NVIDIA A100-SXM4-80GB,cuBLAS,linear+bias+silu,1,256,8192,28672,256x8192x28672,float16,10,30,400,120259084288.0,0.5565977668762208,0.5605463104248046,0.00276642432852196,1.0070940700512403,216.061025474333,505430016.0,908.0705063489777,237.9341955979124,
NVIDIA A100-SXM4-80GB,Triton,linear+bias+silu,1,256,8192,28672,256x8192x28672,float16,10,30,400,120259084288.0,0.9596454238891602,0.9619857788085937,0.0020984077215578417,1.0024387704678972,125.31616500668066,488652800.0,509.201406931775,246.1033361274099,0.5800035648797177
NVIDIA A100-SXM4-80GB,cuBLAS,linear+bias+silu,1,256,8192,28672,256x8192x28672,bfloat16,10,30,400,120259084288.0,0.5673036766052246,0.5692351913452148,0.004132818924924409,1.0034047280489147,211.98361520876568,505430016.0,890.9337923288635,237.9341955979124,
NVIDIA A100-SXM4-80GB,Triton,linear+bias+silu,1,256,8192,28672,256x8192x28672,bfloat16,10,30,400,120259084288.0,0.9231103897094727,0.9248076934814453,0.0018501722591605482,1.0018386790907063,130.27595142315397,488652800.0,529.3546746384168,246.1033361274099,0.614556701917059
NVIDIA A100-SXM4-80GB,cuBLAS,linear+bias+silu,1,256,28672,8192,256x28672x8192,float16,10,30,400,120259084288.0,0.6660659027099609,0.6703946228027344,0.004549602578867738,1.006498936629486,180.5513295286742,547414016.0,821.8616412772177,219.68579680648878,
NVIDIA A100-SXM4-80GB,Triton,linear+bias+silu,1,256,28672,8192,256x28672x8192,float16,10,30,400,120259084288.0,0.7197824096679688,0.7205045928955078,0.0013924256217930997,1.0010033354772758,167.07699809373608,488693760.0,678.94651694174,246.0827089095633,0.9253711868524448
NVIDIA A100-SXM4-80GB,cuBLAS,linear+bias+silu,1,256,28672,8192,256x28672x8192,bfloat16,10,30,400,120259084288.0,0.6561458969116212,0.6606121292114258,0.003908485811529217,1.0068067670937615,183.28101243037744,547414016.0,834.2870367346568,219.68579680648878,
NVIDIA A100-SXM4-80GB,Triton,linear+bias+silu,1,256,28672,8192,256x28672x8192,bfloat16,10,30,400,120259084288.0,0.7018880081176757,0.7033902282714843,0.002545994994362798,1.0021402561896409,171.33657064538116,488693760.0,696.256032797283,246.0827089095633,0.9348299006721517
NVIDIA A100-SXM4-80GB,cuBLAS,linear+bias+silu,1,1024,16384,4096,1024x16384x4096,float16,10,30,400,137438953472.0,0.7574335861206055,0.7594536819458008,0.004001068099218593,1.0026670270004023,181.4534712883932,310411264.0,409.81977784990045,442.76406629367676,
NVIDIA A100-SXM4-80GB,Triton,linear+bias+silu,1,1024,16384,4096,1024x16384x4096,float16,10,30,400,137438953472.0,0.7407936096191406,0.7430635375976563,0.0022985178065310684,1.00306418407103,185.5293454038576,176193536.0,237.84429794229086,780.0453784638274,1.0224623650709135
NVIDIA A100-SXM4-80GB,cuBLAS,linear+bias+silu,1,1024,16384,4096,1024x16384x4096,bfloat16,10,30,400,137438953472.0,0.742342414855957,0.7468746490478515,0.004462083136685213,1.0061053148805648,185.14226147062934,310411264.0,418.15105507642556,442.76406629367676,
NVIDIA A100-SXM4-80GB,Triton,linear+bias+silu,1,1024,16384,4096,1024x16384x4096,bfloat16,10,30,400,137438953472.0,0.7273817443847657,0.7293619079589844,0.0014179205663336428,1.0027223168432604,188.9502376613104,176193536.0,242.22980210897114,780.0453784638274,1.0205678388091048
NVIDIA A100-SXM4-80GB,cuBLAS,linear+bias+silu,1,1024,4096,16384,1024x4096x16384,float16,10,30,400,137438953472.0,0.6593280029296875,0.6626900482177734,0.006549104587747321,1.0050991999022443,208.4530808054528,209723392.0,318.086583715701,655.334400999961,
NVIDIA A100-SXM4-80GB,Triton,linear+bias+silu,1,1024,4096,16384,1024x4096x16384,float16,10,30,400,137438953472.0,0.8112345504760743,0.8158200149536133,0.003318566192565825,1.005652452148208,169.41950190773275,176168960.0,217.1615593746777,780.1541966984422,0.8127464523580262
NVIDIA A100-SXM4-80GB,cuBLAS,linear+bias+silu,1,1024,4096,16384,1024x4096x16384,bfloat16,10,30,400,137438953472.0,0.6314406394958496,0.6366192665100098,0.00414403283436117,1.008201288751853,217.65934099796465,209723392.0,332.13477068477226,655.334400999961,
NVIDIA A100-SXM4-80GB,Triton,linear+bias+silu,1,1024,4096,16384,1024x4096x16384,bfloat16,10,30,400,137438953472.0,0.798334732055664,0.8009456634521485,0.003225111900329908,1.0032704720108587,172.1570513637844,176168960.0,220.6705444799771,780.1541966984422,0.7909472231903627
NVIDIA A100-SXM4-80GB,cuBLAS,linear+bias+silu,1,256,8192,32768,256x8192x32768,float16,10,30,400,137438953472.0,0.6299020767211914,0.6307322731018066,0.003262529920983469,1.0013179768908473,218.19098325156585,574636032.0,912.2624821164808,239.17566219028882,
NVIDIA A100-SXM4-80GB,Triton,linear+bias+silu,1,256,8192,32768,256x8192x32768,float16,10,30,400,137438953472.0,1.0615475463867186,1.0626237335205078,0.002985707775044625,1.0010137907976446,129.4703698763309,557858816.0,525.5146770380964,246.36870392669388,0.593380936035549
NVIDIA A100-SXM4-80GB,cuBLAS,linear+bias+silu,1,256,8192,32768,256x8192x32768,bfloat16,10,30,400,137438953472.0,0.6408525085449219,0.6464837341308594,0.003976343101240414,1.0087870851886394,214.46269093033584,574636032.0,896.6743897199236,239.17566219028882,
NVIDIA A100-SXM4-80GB,Triton,linear+bias+silu,1,256,8192,32768,256x8192x32768,bfloat16,10,30,400,137438953472.0,1.0357388687133788,1.0379432678222658,0.001954868169971341,1.0021283348298258,132.69652962114878,557858816.0,538.6095210397833,246.36870392669388,0.618739460208735
NVIDIA A100-SXM4-80GB,cuBLAS,linear+bias+silu,1,1024,8192,8192,1024x8192x8192,float16,10,30,400,137438953472.0,0.6968320083618165,0.7041072845458984,0.008713123796747548,1.0104405022972258,197.2339844076702,234897408.0,337.0933096948585,585.102043663249,
NVIDIA A100-SXM4-80GB,Triton,linear+bias+silu,1,1024,8192,8192,1024x8192x8192,float16,10,30,400,137438953472.0,0.7279129409790039,0.7286318130493165,0.0020795588791871983,1.0009875797363152,188.8123506736286,167788544.0,230.50633469207648,819.1200078117371,0.9573013050497697
NVIDIA A100-SXM4-80GB,cuBLAS,linear+bias+silu,1,1024,8192,8192,1024x8192x8192,bfloat16,10,30,400,137438953472.0,0.6673868560791015,0.6699289779663086,0.0038463140442451835,1.0038090679551916,205.9359608600235,234897408.0,351.96588883997885,585.102043663249,
NVIDIA A100-SXM4-80GB,Triton,linear+bias+silu,1,1024,8192,8192,1024x8192x8192,bfloat16,10,30,400,137438953472.0,0.704983024597168,0.7082055435180664,0.0022620401470470433,1.004571058888602,194.95356437913316,167788544.0,238.00366554340155,819.1200078117371,0.9466708173015241
NVIDIA A100-SXM4-80GB,cuBLAS,linear+bias+silu,1,256,32768,8192,256x32768x8192,float16,10,30,400,137438953472.0,0.7152640151977538,0.7225709838867187,0.005765075117039862,1.0102157644362195,192.15136026939834,625016832.0,873.8267530866871,219.89640348117857,
NVIDIA A100-SXM4-80GB,Triton,linear+bias+silu,1,256,32768,8192,256x32768x8192,float16,10,30,400,137438953472.0,0.7536614227294922,0.758016746520996,0.0034660127883987296,1.0057788864603556,182.36166709216087,557907968.0,740.2634010103061,246.34699870785857,0.9490521786392135
NVIDIA A100-SXM4-80GB,cuBLAS,linear+bias+silu,1,256,32768,8192,256x32768x8192,bfloat16,10,30,400,137438953472.0,0.6964365005493165,0.7008202285766602,0.006069525943477331,1.0062945121685696,197.34599401897316,625016832.0,897.4498486323102,219.89640348117857,
NVIDIA A100-SXM4-80GB,Triton,linear+bias+silu,1,256,32768,8192,256x32768x8192,bfloat16,10,30,400,137438953472.0,0.734942741394043,0.7369251708984376,0.002834888977895487,1.00269739313383,187.0063417611352,557907968.0,759.1175972998351,246.34699870785857,0.9476064750681288
NVIDIA A100-SXM4-80GB,cuBLAS,linear+bias+silu,1,1024,5120,13824,1024x5120x13824,float16,10,30,400,144955146240.0,0.7085094451904297,0.7171378860473633,0.006427574817960031,1.0121783003960017,204.5916920712887,222308352.0,313.7690732411465,652.045435701849,
NVIDIA A100-SXM4-80GB,Triton,linear+bias+silu,1,1024,5120,13824,1024x5120x13824,float16,10,30,400,144955146240.0,0.7254169464111329,0.7319439697265625,0.003957526160552378,1.0089976162643028,199.82321471415713,180365312.0,248.636750068115,803.6753000488253,0.9766927126470509
NVIDIA A100-SXM4-80GB,cuBLAS,linear+bias+silu,1,1024,5120,13824,1024x5120x13824,bfloat16,10,30,400,144955146240.0,0.6369382286071777,0.6391086235046387,0.004775028619006966,1.0034075437773724,227.58116836067467,222308352.0,349.02654922461153,652.045435701849,
NVIDIA A100-SXM4-80GB,Triton,linear+bias+silu,1,1024,5120,13824,1024x5120x13824,bfloat16,10,30,400,144955146240.0,0.7129612731933594,0.7166284484863281,0.003273866794996147,1.0051435827314201,203.31419347750082,180365312.0,252.9805177105094,803.6753000488253,0.8933700224057418
NVIDIA A100-SXM4-80GB,cuBLAS,linear+bias+silu,1,1024,13824,5120,1024x13824x5120,float16,10,30,400,144955146240.0,0.7806579208374023,0.7856179428100586,0.007634315696674587,1.006353643305554,185.68330938666244,293628928.0,376.13008228370734,493.6677977450505,
NVIDIA A100-SXM4-80GB,Triton,linear+bias+silu,1,1024,13824,5120,1024x13824x5120,float16,10,30,400,144955146240.0,0.7490214538574219,0.7510684432983398,0.003194457111464779,1.002732884926561,193.52602718318474,180382720.0,240.82450385237738,803.5977406261532,1.042237063861194
NVIDIA A100-SXM4-80GB,cuBLAS,linear+bias+silu,1,1024,13824,5120,1024x13824x5120,bfloat16,10,30,400,144955146240.0,0.7231846618652344,0.7297587051391602,0.009996126658224443,1.0090904074997527,200.44001744469023,293628928.0,406.02206252919365,493.6677977450505,
NVIDIA A100-SXM4-80GB,Triton,linear+bias+silu,1,1024,13824,5120,1024x13824x5120,bfloat16,10,30,400,144955146240.0,0.729744644165039,0.732983528137207,0.002212993019728184,1.0044383799155852,198.63817761328707,180382720.0,247.1860827514407,803.5977406261532,0.9910105783546923
NVIDIA A100-SXM4-80GB,cuBLAS,linear+bias+silu,1,2048,4096,11008,2048x4096x11008,float16,10,30,400,184683593728.0,0.8688460540771484,0.875931137084961,0.0066556275535055,1.0081545896129298,212.56192954016822,219160576.0,252.2432771278257,842.6862034164393,
NVIDIA A100-SXM4-80GB,Triton,linear+bias+silu,1,2048,4096,11008,2048x4096x11008,float16,10,30,400,184683593728.0,0.9661759948730468,0.9691931991577148,0.002689292233269865,1.0031228309341969,191.1490191311025,152051712.0,157.37475657318438,1214.6104196972146,0.8992627209614256
NVIDIA A100-SXM4-80GB,cuBLAS,linear+bias+silu,1,2048,4096,11008,2048x4096x11008,bfloat16,10,30,400,184683593728.0,0.85364990234375,0.8562398757934571,0.003715513807849619,1.0030339995853055,216.34582657473453,219160576.0,256.73355716234573,842.6862034164393,
NVIDIA A100-SXM4-80GB,Triton,linear+bias+silu,1,2048,4096,11008,2048x4096x11008,bfloat16,10,30,400,184683593728.0,0.9430246353149414,0.9453883132934571,0.003282392903957729,1.0025064859283621,195.84174878562035,152051712.0,161.23832432990406,1214.6104196972146,0.9052254526295138
NVIDIA A100-SXM4-80GB,cuBLAS,linear+bias+silu,1,2048,11008,4096,2048x11008x4096,float16,10,30,400,184683593728.0,1.0646195220947265,1.0705280303955078,0.006177133690433854,1.0055498778466467,173.4737996957071,332420608.0,312.2435772602921,555.5720351970477,
NVIDIA A100-SXM4-80GB,Triton,linear+bias+silu,1,2048,11008,4096,2048x11008x4096,float16,10,30,400,184683593728.0,0.9837427139282227,0.9859066772460938,0.003441651129960606,1.002199724874434,187.7356661586163,152065536.0,154.57856393444683,1214.5000016834847,1.0822133745149192
NVIDIA A100-SXM4-80GB,cuBLAS,linear+bias+silu,1,2048,11008,4096,2048x11008x4096,bfloat16,10,30,400,184683593728.0,1.0177920150756836,1.025073387145996,0.006218713216999867,1.0071540864562305,181.45514112160413,332420608.0,326.6095656834968,555.5720351970477,
NVIDIA A100-SXM4-80GB,Triton,linear+bias+silu,1,2048,11008,4096,2048x11008x4096,bfloat16,10,30,400,184683593728.0,0.960931854248047,0.9621747055053711,0.0043072940055837545,1.001293381265102,192.19218606559724,152065536.0,158.24799160081446,1214.5000016834847,1.0591718971290958
NVIDIA A100-SXM4-80GB,cuBLAS,linear+bias+silu,1,1024,20480,5120,1024x20480x5120,float16,10,30,200,214748364800.0,1.147394561767578,1.1585105819702148,0.013480427045045906,1.0096880537637485,187.1617418764623,429957120.0,374.7247322992753,499.4646089358864,
NVIDIA A100-SXM4-80GB,Triton,linear+bias+silu,1,1024,20480,5120,1024x20480x5120,float16,10,30,200,214748364800.0,1.122158088684082,1.1265259323120118,0.0051952750253989,1.0038923603295964,191.3708656253847,262184960.0,233.64351479875327,819.0720199968755,1.0224892315423133
NVIDIA A100-SXM4-80GB,cuBLAS,linear+bias+silu,1,1024,20480,5120,1024x20480x5120,bfloat16,10,30,200,214748364800.0,1.0658380889892578,1.0702719802856446,0.005414844891343583,1.0041600045468364,201.48310237594106,429957120.0,403.3981562881953,499.4646089358864,
NVIDIA A100-SXM4-80GB,Triton,linear+bias+silu,1,1024,20480,5120,1024x20480x5120,bfloat16,10,30,200,214748364800.0,1.090621452331543,1.0969456481933593,0.004383057612987288,1.0057987084779016,196.9045853085949,262184960.0,240.39959918218918,819.0720199968755,0.9772759253090951
NVIDIA A100-SXM4-80GB,cuBLAS,linear+bias+silu,1,1024,5120,20480,1024x5120x20480,float16,10,30,200,214748364800.0,0.9999385833740235,1.0046878509521486,0.004259579121976815,1.004749559280031,214.761554730081,304097280.0,304.11595777603225,706.1831161396774,
NVIDIA A100-SXM4-80GB,Triton,linear+bias+silu,1,1024,5120,20480,1024x5120x20480,float16,10,30,200,214748364800.0,1.0663987350463868,1.072460823059082,0.004735656203138599,1.0056846354121298,201.3771751057626,262154240.0,245.83134936726705,819.1680012499512,0.9376779533881645
NVIDIA A100-SXM4-80GB,cuBLAS,linear+bias+silu,1,1024,5120,20480,1024x5120x20480,bfloat16,10,30,200,214748364800.0,0.8976998138427734,0.9090729217529296,0.011268294106045369,1.0126691659447622,239.22068545467232,304097280.0,338.7516353582098,706.1831161396774,
NVIDIA A100-SXM4-80GB,Triton,linear+bias+silu,1,1024,5120,20480,1024x5120x20480,bfloat16,10,30,200,214748364800.0,1.04878849029541,1.0501729431152342,0.001900736203294446,1.0013200495930634,204.75850639771252,262154240.0,249.95911227645104,819.1680012499512,0.855939803067366
NVIDIA A100-SXM4-80GB,cuBLAS,linear+bias+silu,1,512,8192,28672,512x8192x28672,float16,10,30,200,240518168576.0,1.0742707061767578,1.0767948532104492,0.005400855599511278,1.0023496377767525,223.88972089910618,541081600.0,503.67341945464136,444.5136714610144,
NVIDIA A100-SXM4-80GB,Triton,linear+bias+silu,1,512,8192,28672,512x8192x28672,float16,10,30,200,240518168576.0,1.4223821258544922,1.425649642944336,0.004186067520468238,1.0022972146728018,169.0953255135355,507527168.0,356.8149224984843,473.9020563643994,0.7552616745175932
NVIDIA A100-SXM4-80GB,cuBLAS,linear+bias+silu,1,512,8192,28672,512x8192x28672,bfloat16,10,30,200,240518168576.0,1.0771174621582031,1.0787046432495118,0.002881550555056283,1.0014735450376306,223.29799397558511,541081600.0,502.34224122208855,444.5136714610144,
NVIDIA A100-SXM4-80GB,Triton,linear+bias+silu,1,512,8192,28672,512x8192x28672,bfloat16,10,30,200,240518168576.0,1.3904716491699218,1.392911346435547,0.002800255490382684,1.0017545825311012,172.97596014962517,507527168.0,365.00360744714317,473.9020563643994,0.7746418007164809
NVIDIA A100-SXM4-80GB,cuBLAS,linear+bias+silu,1,512,28672,8192,512x28672x8192,float16,10,30,200,240518168576.0,1.2274380493164063,1.235649024963379,0.00454839305457086,1.0066895234765987,195.9513709958324,625008640.0,509.1977068399373,384.82374991808115,
NVIDIA A100-SXM4-80GB,Triton,linear+bias+silu,1,512,28672,8192,512x28672x8192,float16,10,30,200,240518168576.0,1.2992127990722655,1.3017928009033204,0.0027301736288870768,1.0019858192844908,185.1260769196146,507568128.0,390.67358970173433,473.8638131667716,0.9447552011440222
NVIDIA A100-SXM4-80GB,cuBLAS,linear+bias+silu,1,512,28672,8192,512x28672x8192,bfloat16,10,30,200,240518168576.0,1.233743362426758,1.2413701171875,0.004859259872914342,1.006181800034766,194.9499190033361,625008640.0,506.5953414903207,384.82374991808115,
NVIDIA A100-SXM4-80GB,Triton,linear+bias+silu,1,512,28672,8192,512x28672x8192,bfloat16,10,30,200,240518168576.0,1.2617702102661132,1.2648345565795898,0.002950335338542789,1.0024286088612206,190.6196283753391,507568128.0,402.26669156577367,473.8638131667716,0.9777876767010973
NVIDIA A100-SXM4-80GB,cuBLAS,linear+bias+silu,1,2048,8192,8192,2048x8192x8192,float16,10,30,200,274877906944.0,1.3002982330322266,1.3055968933105468,0.00550134454897472,1.0040749576856411,211.39604743059544,335560704.0,258.0644158974901,819.1600019530297,
NVIDIA A100-SXM4-80GB,Triton,linear+bias+silu,1,2048,8192,8192,2048x8192x8192,float16,10,30,200,274877906944.0,1.4433586883544922,1.4468843688964843,0.004875078694036858,1.0024426918758578,190.4432412828552,201342976.0,139.49614716321278,1365.2222312637318,0.9008836428002783
NVIDIA A100-SXM4-80GB,cuBLAS,linear+bias+silu,1,2048,8192,8192,2048x8192x8192,bfloat16,10,30,200,274877906944.0,1.2754611206054687,1.2805555572509766,0.0047926501039068795,1.0039941920323605,215.51257227936034,335560704.0,263.0897160085189,819.1600019530297,
NVIDIA A100-SXM4-80GB,Triton,linear+bias+silu,1,2048,8192,8192,2048x8192x8192,bfloat16,10,30,200,274877906944.0,1.4141388702392579,1.4200575714111328,0.003469032250495953,1.0041853747863345,194.37829814938434,201342976.0,142.37850343929435,1365.2222312637318,0.9019348434921909
NVIDIA A100-SXM4-80GB,cuBLAS,linear+bias+silu,1,2048,16384,4096,2048x16384x4096,float16,10,30,200,274877906944.0,1.5661363220214843,1.5756763610839843,0.006476267799862712,1.006091448699808,175.51339757525218,486572032.0,310.6830645316744,564.9274698632904,
NVIDIA A100-SXM4-80GB,Triton,linear+bias+silu,1,2048,16384,4096,2048x16384x4096,float16,10,30,200,274877906944.0,1.320855026245117,1.3343892822265624,0.007652582015132978,1.010246587030766,208.1060384994815,218136576.0,165.14800766599757,1260.1183716388764,1.1856988775472541
NVIDIA A100-SXM4-80GB,cuBLAS,linear+bias+silu,1,2048,16384,4096,2048x16384x4096,bfloat16,10,30,200,274877906944.0,1.4730931091308594,1.4788479919433593,0.007380577304861747,1.0039066660327365,186.59913975578968,486572032.0,330.30636623307714,564.9274698632904,
NVIDIA A100-SXM4-80GB,Triton,linear+bias+silu,1,2048,16384,4096,2048x16384x4096,bfloat16,10,30,200,274877906944.0,1.4112947082519531,1.4233902587890623,0.012546519747157883,1.008570534889974,194.77002594622292,218136576.0,154.56486496019434,1260.1183716388764,1.0437884451189154
NVIDIA A100-SXM4-80GB,cuBLAS,linear+bias+silu,1,512,8192,32768,512x8192x32768,float16,10,30,200,274877906944.0,1.220142059326172,1.2295459671020508,0.009176309317125484,1.007707223682685,225.28352730976454,612384768.0,501.8962860260647,448.86470289215293,
NVIDIA A100-SXM4-80GB,Triton,linear+bias+silu,1,512,8192,32768,512x8192x32768,float16,10,30,200,274877906944.0,1.6199117279052735,1.6288148345947264,0.005472663340404947,1.0054960443437035,169.68696639998265,578830336.0,357.32214665085,474.8851085510487,0.75321515259597
NVIDIA A100-SXM4-80GB,cuBLAS,linear+bias+silu,1,512,8192,32768,512x8192x32768,bfloat16,10,30,200,274877906944.0,1.2276018905639647,1.2411766052246094,0.010208640510181676,1.011057912801363,223.91453536921492,612384768.0,498.84638717741643,448.86470289215293,
NVIDIA A100-SXM4-80GB,Triton,linear+bias+silu,1,512,8192,32768,512x8192x32768,bfloat16,10,30,200,274877906944.0,1.5828351593017578,1.5850147705078124,0.0027702790771327135,1.0013770298146625,173.661739397587,578830336.0,365.69211430414623,474.8851085510487,0.7755715327333906
NVIDIA A100-SXM4-80GB,cuBLAS,linear+bias+silu,1,1024,8192,16384,1024x8192x16384,float16,10,30,200,274877906944.0,1.3052159881591798,1.3099412689208985,0.008521300925126266,1.0036203056081032,210.5995555047375,385892352.0,295.65401856917634,712.3175816244216,
NVIDIA A100-SXM4-80GB,Triton,linear+bias+silu,1,1024,8192,16384,1024x8192x16384,float16,10,30,200,274877906944.0,1.413276138305664,1.4186270751953125,0.006333417082746364,1.0037861934724686,194.49695603970443,318783488.0,225.56348286059674,862.2714704219561,0.923539252367174
NVIDIA A100-SXM4-80GB,cuBLAS,linear+bias+silu,1,1024,8192,16384,1024x8192x16384,bfloat16,10,30,200,274877906944.0,1.2071014404296876,1.2116085891723631,0.006059186345672576,1.0037338607938957,227.7173216247283,385892352.0,319.6851060525909,712.3175816244216,
NVIDIA A100-SXM4-80GB,Triton,linear+bias+silu,1,1024,8192,16384,1024x8192x16384,bfloat16,10,30,200,274877906944.0,1.380623321533203,1.387778549194336,0.005351524530038806,1.005182606688975,199.09696052268907,318783488.0,230.89823489725356,862.2714704219561,0.8743162755567414
NVIDIA A100-SXM4-80GB,cuBLAS,linear+bias+silu,1,512,32768,8192,512x32768x8192,float16,10,30,200,274877906944.0,1.324285430908203,1.3365948944091797,0.007236549521077574,1.0092951739962395,207.56696443869131,713097216.0,538.4769773620129,385.4704530833563,
NVIDIA A100-SXM4-80GB,Triton,linear+bias+silu,1,512,32768,8192,512x32768x8192,float16,10,30,200,274877906944.0,1.4587340545654297,1.4615884704589843,0.0032224144069801903,1.0019567760721162,188.4359291426076,578879488.0,396.83689167896574,474.8447865957206,0.9078319840162502
NVIDIA A100-SXM4-80GB,cuBLAS,linear+bias+silu,1,512,32768,8192,512x32768x8192,bfloat16,10,30,200,274877906944.0,1.2973695373535157,1.305586196899414,0.008186565745405414,1.006333322395298,211.8732550979417,713097216.0,549.6484967996367,385.4704530833563,
NVIDIA A100-SXM4-80GB,Triton,linear+bias+silu,1,512,32768,8192,512x32768x8192,bfloat16,10,30,200,274877906944.0,1.428369903564453,1.4302105560302734,0.002576543482852076,1.0012886385110937,192.44168212873336,578879488.0,405.27281242444553,474.8447865957206,0.9082868059008874
NVIDIA A100-SXM4-80GB,cuBLAS,linear+bias+silu,1,2048,4096,16384,2048x4096x16384,float16,10,30,200,274877906944.0,1.2298726272583007,1.2340541610717775,0.006418054300831609,1.0033999730710312,223.50111780011957,285220864.0,231.91089685102588,963.737025016515,
NVIDIA A100-SXM4-80GB,Triton,linear+bias+silu,1,2048,4096,16384,2048x4096x16384,float16,10,30,200,274877906944.0,1.4226611328125,1.426714126586914,0.0049522038771651405,1.0028488820569672,193.2139007695992,218112000.0,153.31268632383882,1260.2603568075117,0.8644874024406148
NVIDIA A100-SXM4-80GB,cuBLAS,linear+bias+silu,1,2048,4096,16384,2048x4096x16384,bfloat16,10,30,200,274877906944.0,1.2050636672973631,1.2079273071289063,0.004511781451815749,1.002376339034406,228.10239359425543,285220864.0,236.68530695948576,963.737025016515,
NVIDIA A100-SXM4-80GB,Triton,linear+bias+silu,1,2048,4096,16384,2048x4096x16384,bfloat16,10,30,200,274877906944.0,1.385180206298828,1.3868140106201172,0.0030498891914691544,1.0011794886426038,198.44198299546014,218112000.0,157.46110073489328,1260.2603568075117,0.8699688761199292
NVIDIA A100-SXM4-80GB,cuBLAS,linear+bias+silu,1,2048,13824,5120,2048x13824x5120,float16,10,30,200,289910292480.0,1.4519244384765626,1.4669215087890624,0.008392077723572977,1.0103290983435993,199.67312678075004,445672448.0,306.95292137077297,650.5008191127848,
NVIDIA A100-SXM4-80GB,Triton,linear+bias+silu,1,2048,13824,5120,2048x13824x5120,float16,10,30,200,289910292480.0,1.4839987182617187,1.4870579071044923,0.004053585000372861,1.0020614497877445,195.35750867735675,219180032.0,147.69556691850542,1322.7039426657261,0.9783865852507432
NVIDIA A100-SXM4-80GB,cuBLAS,linear+bias+silu,1,2048,13824,5120,2048x13824x5120,bfloat16,10,30,200,289910292480.0,1.431237106323242,1.4390333709716796,0.007309652703961291,1.0054472208790517,202.5592343848332,445672448.0,311.38966844208255,650.5008191127848,
NVIDIA A100-SXM4-80GB,Triton,linear+bias+silu,1,2048,13824,5120,2048x13824x5120,bfloat16,10,30,200,289910292480.0,1.4559667205810547,1.4590730438232422,0.002743498287313874,1.0021335125303878,199.1187630746815,219180032.0,150.53917709913625,1322.7039426657261,0.9830149866008315
NVIDIA A100-SXM4-80GB,cuBLAS,linear+bias+silu,1,2048,5120,13824,2048x5120x13824,float16,10,30,200,289910292480.0,1.2508774185180664,1.264102897644043,0.010996404698191756,1.0105729617708223,231.76554967589163,303048704.0,242.26890622026454,956.6458745852284,
NVIDIA A100-SXM4-80GB,Triton,linear+bias+silu,1,2048,5120,13824,2048x5120x13824,float16,10,30,200,289910292480.0,1.4634495544433594,1.4680638122558594,0.004400379349974901,1.0031530009343268,198.10063941033545,219162624.0,149.75755285487864,1322.8090045134704,0.8547458398686333
NVIDIA A100-SXM4-80GB,cuBLAS,linear+bias+silu,1,2048,5120,13824,2048x5120x13824,bfloat16,10,30,200,289910292480.0,1.2227148818969726,1.2301736831665038,0.006794497392999047,1.0061001966852314,237.10375719826084,303048704.0,247.8490353612423,956.6458745852284,
NVIDIA A100-SXM4-80GB,Triton,linear+bias+silu,1,2048,5120,13824,2048x5120x13824,bfloat16,10,30,200,289910292480.0,1.4399590301513672,1.4431768951416015,0.0034583947114495937,1.002234692045298,201.3323201629736,219162624.0,152.2005969690414,1322.8090045134704,0.8491317157603032
NVIDIA A100-SXM4-80GB,cuBLAS,linear+bias+silu,1,2048,20480,5120,2048x20480x5120,float16,10,30,200,429496729600.0,2.161190414428711,2.1665253906250004,0.004724029633362063,1.0024685359331005,198.73155402344926,650158080.0,300.83331651823136,660.6035406035406,
NVIDIA A100-SXM4-80GB,Triton,linear+bias+silu,1,2048,20480,5120,2048x20480x5120,float16,10,30,200,429496729600.0,2.213089294433594,2.219268585205078,0.007821970837907201,1.0027921560991806,194.0711252276529,314613760.0,142.1604454873659,1365.15557870069,0.9765491251819706
NVIDIA A100-SXM4-80GB,cuBLAS,linear+bias+silu,1,2048,20480,5120,2048x20480x5120,bfloat16,10,30,200,429496729600.0,2.123852767944336,2.1286937866210938,0.006771852223214348,1.0022793570014947,202.22528420164792,650158080.0,306.1220108158834,660.6035406035406,
NVIDIA A100-SXM4-80GB,Triton,linear+bias+silu,1,2048,20480,5120,2048x20480x5120,bfloat16,10,30,200,429496729600.0,2.1763916778564454,2.178526702880859,0.005662590837209033,1.00098099301065,197.3434901308833,314613760.0,144.55750920251032,1365.15557870069,0.9758596256148822
NVIDIA A100-SXM4-80GB,cuBLAS,linear+bias+silu,1,2048,5120,20480,2048x5120x20480,float16,10,30,200,429496729600.0,1.795453414916992,1.8037017822265624,0.006694268573236845,1.0045940302549992,239.2135190095459,398469120.0,221.93230784460212,1077.867036722946,
NVIDIA A100-SXM4-80GB,Triton,linear+bias+silu,1,2048,5120,20480,2048x5120x20480,float16,10,30,200,429496729600.0,2.150056915283203,2.154050094604492,0.0045181044456901135,1.0018572435422077,199.76063263582355,314583040.0,146.31381977093542,1365.288890335601,0.8350725053622577
NVIDIA A100-SXM4-80GB,cuBLAS,linear+bias+silu,1,2048,5120,20480,2048x5120x20480,bfloat16,10,30,200,429496729600.0,1.7566002655029296,1.76821044921875,0.011633770651655384,1.0066094625759927,244.504534147404,398469120.0,226.84109061426952,1077.867036722946,
NVIDIA A100-SXM4-80GB,Triton,linear+bias+silu,1,2048,5120,20480,2048x5120x20480,bfloat16,10,30,200,429496729600.0,2.1862220764160156,2.1971368865966796,0.00844178502276155,1.0049925441236771,196.45613052453285,314583040.0,143.89345135317265,1365.288890335601,0.8034866560228928
NVIDIA A100-SXM4-80GB,cuBLAS,linear+bias+silu,1,1024,28672,8192,1024x28672x8192,float16,10,30,200,481036337152.0,2.3635276794433593,2.376306167602539,0.008141515033940915,1.0054065320538954,203.52473183867687,780197888.0,330.09890037917665,616.5568307101082,
NVIDIA A100-SXM4-80GB,Triton,linear+bias+silu,1,1024,28672,8192,1024x28672x8192,float16,10,30,200,481036337152.0,2.32318717956543,2.3268546447753904,0.0028424864335115326,1.0015786352654745,207.05879465208722,545316864.0,234.72790690158922,882.1226133068938,1.0173642917078578
NVIDIA A100-SXM4-80GB,cuBLAS,linear+bias+silu,1,1024,28672,8192,1024x28672x8192,bfloat16,10,30,200,481036337152.0,2.2863923645019533,2.2929469604492185,0.013996899570347025,1.0028667852679316,210.39098302656575,780197888.0,341.235345303452,616.5568307101082,
NVIDIA A100-SXM4-80GB,Triton,linear+bias+silu,1,1024,28672,8192,1024x28672x8192,bfloat16,10,30,200,481036337152.0,2.4090880584716796,2.4114749298095703,0.0031611685525548437,1.0009907779541296,199.67569697604515,545316864.0,226.3582113913876,882.1226133068938,0.9490696516724406
NVIDIA A100-SXM4-80GB,cuBLAS,linear+bias+silu,1,1024,8192,28672,1024x8192x28672,float16,10,30,200,481036337152.0,2.1786495971679685,2.18254231262207,0.012005564480768923,1.001786756098439,220.79564229938592,612384768.0,281.08456210491136,785.5132300612677,
NVIDIA A100-SXM4-80GB,Triton,linear+bias+silu,1,1024,8192,28672,1024x8192x28672,float16,10,30,200,481036337152.0,2.457566680908203,2.463340576171875,0.005537049035661803,1.0023494358499108,195.7368403832002,545275904.0,221.87634143806477,882.1888765361617,0.8865068093952349
NVIDIA A100-SXM4-80GB,cuBLAS,linear+bias+silu,1,1024,8192,28672,1024x8192x28672,bfloat16,10,30,200,481036337152.0,2.1307186889648437,2.138117172241211,0.01219979691775031,1.003472294730733,225.7624808208255,612384768.0,287.40761094910744,785.5132300612677,
NVIDIA A100-SXM4-80GB,Triton,linear+bias+silu,1,1024,8192,28672,1024x8192x28672,bfloat16,10,30,200,481036337152.0,2.399168014526367,2.4057738647460933,0.008643775046107393,1.0027533920841432,200.50131305496083,545275904.0,227.27708134590392,882.1888765361617,0.8881073255661424
NVIDIA A100-SXM4-80GB,cuBLAS,linear+bias+silu,1,1024,8192,32768,1024x8192x32768,float16,10,30,200,549755813888.0,2.47272705078125,2.4841964111328125,0.009374493469080267,1.0046383446761495,222.32773880736508,687882240.0,278.18769555769035,799.200476360605,
NVIDIA A100-SXM4-80GB,Triton,linear+bias+silu,1,1024,8192,32768,1024x8192x32768,float16,10,30,200,549755813888.0,2.7974066162109374,2.8020357360839845,0.00334686879580809,1.0016547897778683,196.52338373054945,620773376.0,221.91031235953537,885.5982475124706,0.88393551243206
NVIDIA A100-SXM4-80GB,cuBLAS,linear+bias+silu,1,1024,8192,32768,1024x8192x32768,bfloat16,10,30,200,549755813888.0,2.4190797424316406,2.4249410552978516,0.009709598503462128,1.002422951489941,227.2582438044765,687882240.0,284.35699242743686,799.200476360605,
NVIDIA A100-SXM4-80GB,Triton,linear+bias+silu,1,1024,8192,32768,1024x8192x32768,bfloat16,10,30,200,549755813888.0,2.730903015136719,2.7328431091308594,0.002295934505342535,1.0007104221509833,201.30916800810562,620773376.0,227.3143251734708,885.5982475124706,0.8858167899128166
NVIDIA A100-SXM4-80GB,cuBLAS,linear+bias+silu,1,1024,32768,8192,1024x32768x8192,float16,10,30,200,549755813888.0,2.729894256591797,2.746071533203125,0.016961958937782965,1.0059259718841729,201.38355636322558,889257984.0,325.74814275415036,618.2185864838971,
NVIDIA A100-SXM4-80GB,Triton,linear+bias+silu,1,1024,32768,8192,1024x32768x8192,float16,10,30,200,549755813888.0,2.608419799804688,2.617136047363281,0.007742694948293845,1.0033415815810194,210.76201535088958,620822528.0,238.0071367524835,885.5281325873535,1.046570132919634
NVIDIA A100-SXM4-80GB,cuBLAS,linear+bias+silu,1,1024,32768,8192,1024x32768x8192,bfloat16,10,30,200,549755813888.0,2.5636659240722657,2.5696553649902345,0.008796540093782518,1.0023362798021884,214.4412845394216,889257984.0,346.86968206350946,618.2185864838971,
NVIDIA A100-SXM4-80GB,Triton,linear+bias+silu,1,1024,32768,8192,1024x32768x8192,bfloat16,10,30,200,549755813888.0,2.7236326599121092,2.7349403076171876,0.006602946304748861,1.0041516787015776,201.84653458581323,620822528.0,227.9391553558598,885.5281325873535,0.9412671399508752
NVIDIA A100-SXM4-80GB,cuBLAS,linear+bias+silu,1,2048,8192,28672,2048x8192x28672,float16,10,30,120,962072674304.0,4.101077397664389,4.113425954182943,0.017684025262449006,1.003011051809358,234.59022618103032,754991104.0,184.09579502936865,1274.2834573902476,
NVIDIA A100-SXM4-80GB,Triton,linear+bias+silu,1,2048,8192,28672,2048x8192x28672,float16,10,30,120,962072674304.0,4.90743891398112,4.912992604573567,0.004045784850828628,1.001131688175807,196.04373914122272,620773376.0,126.4964041083504,1549.7969331468237,0.8356858780209294
NVIDIA A100-SXM4-80GB,cuBLAS,linear+bias+silu,1,2048,8192,28672,2048x8192x28672,bfloat16,10,30,120,962072674304.0,4.069866561889649,4.08900779724121,0.020851331977577738,1.0047031604256516,236.389242662862,754991104.0,185.50758176441437,1274.2834573902476,
NVIDIA A100-SXM4-80GB,Triton,linear+bias+silu,1,2048,8192,28672,2048x8192x28672,bfloat16,10,30,120,962072674304.0,4.862412770589193,4.867857055664063,0.0044412482428448806,1.0011196674021177,197.85911227512318,620773376.0,127.66776604298425,1549.7969331468237,0.837005567792734
NVIDIA A100-SXM4-80GB,cuBLAS,linear+bias+silu,1,2048,28672,8192,2048x28672x8192,float16,10,30,120,962072674304.0,4.4916735331217446,4.499464416503907,0.006798854559344814,1.0017345168398175,214.19024940473642,1090576384.0,242.79956589855757,882.1689965221179,
NVIDIA A100-SXM4-80GB,Triton,linear+bias+silu,1,2048,28672,8192,2048x28672x8192,float16,10,30,120,962072674304.0,4.624874623616536,4.635523579915365,0.013171395629375107,1.0023025394557616,208.021352490564,620814336.0,134.23376556628443,1549.6946808651016,0.9711989834676573
NVIDIA A100-SXM4-80GB,cuBLAS,linear+bias+silu,1,2048,28672,8192,2048x28672x8192,bfloat16,10,30,120,962072674304.0,4.402325439453125,4.426194101969401,0.02218432989140686,1.0054218305403702,218.5373815579415,1090576384.0,247.72734296887327,882.1689965221179,
NVIDIA A100-SXM4-80GB,Triton,linear+bias+silu,1,2048,28672,8192,2048x28672x8192,bfloat16,10,30,120,962072674304.0,4.823223368326823,4.825989023844401,0.0019063216704150836,1.0005734039886562,199.46674678633912,620814336.0,128.71357774486827,1549.6946808651016,0.9127351364986217
NVIDIA A100-SXM4-80GB,cuBLAS,linear+bias+silu,1,2048,32768,8192,2048x32768x8192,float16,10,30,120,1099511627776.0,5.076795705159505,5.084547475179036,0.015023142725954387,1.0015269020992223,216.5759056758135,1241579520.0,244.5596774237327,885.5748746371074,
NVIDIA A100-SXM4-80GB,Triton,linear+bias+silu,1,2048,32768,8192,2048x32768x8192,float16,10,30,120,1099511627776.0,5.210282643636068,5.222284138997396,0.014316934880262736,1.0023034250120741,211.02725187451452,704708608.0,135.25343176166146,1560.2358411606062,0.9743800965117302
NVIDIA A100-SXM4-80GB,cuBLAS,linear+bias+silu,1,2048,32768,8192,2048x32768x8192,bfloat16,10,30,120,1099511627776.0,4.985523223876953,5.001179962158203,0.016577416181322472,1.003140440346615,220.54086971456798,1241579520.0,249.03695444717945,885.5748746371074,
NVIDIA A100-SXM4-80GB,Triton,linear+bias+silu,1,2048,32768,8192,2048x32768x8192,bfloat16,10,30,120,1099511627776.0,5.431377156575521,5.438810323079427,0.008858583915093424,1.001368560180894,202.4369871727415,704708608.0,129.74768418481884,1560.2358411606062,0.917911439429539
NVIDIA A100-SXM4-80GB,cuBLAS,linear+bias+silu,1,2048,8192,32768,2048x8192x32768,float16,10,30,120,1099511627776.0,4.652377827962239,4.657881825764974,0.017549794848766447,1.001183050475749,236.33326192202037,838877184.0,180.31149124606497,1310.6944004999903,
NVIDIA A100-SXM4-80GB,Triton,linear+bias+silu,1,2048,8192,32768,2048x8192x32768,float16,10,30,120,1099511627776.0,5.610500335693359,5.63256576538086,0.017150551244407078,1.0039328809138683,195.97389929397798,704659456.0,125.59654466412512,1560.3446720453858,0.8292269048384767
NVIDIA A100-SXM4-80GB,cuBLAS,linear+bias+silu,1,2048,8192,32768,2048x8192x32768,bfloat16,10,30,120,1099511627776.0,4.6224853515625,4.641878204345703,0.019879870460127565,1.0041953302840967,237.861571027876,838877184.0,181.47752133307276,1310.6944004999903,
NVIDIA A100-SXM4-80GB,Triton,linear+bias+silu,1,2048,8192,32768,2048x8192x32768,bfloat16,10,30,120,1099511627776.0,5.497753651936849,5.508170166015625,0.020132621938115845,1.0018946854912472,199.99288752937193,704659456.0,128.17225008831556,1560.3446720453858,0.8407952855315747
